Year,Region,Location,PlotID,Latitude,Longitude,CaptureDate,CaptureTime,Species,Bander,Scribe,BandSize,MetalIn,FlagColorIn,FlagCodeIn,UpperLeftIn,LowerLeftIn,UpperRightIn,LowerRightIn,MetalOut,FlagColorOut,FlagCodeOut,UpperLeftOut,LowerLeftOut,UpperRightOut,LowerRightOut,TrackerType1,TrackerStatus1,TrackerID1,TrackerType2,TrackerStatus2,TrackerID2,Disposition,Status,Condition,AgeID,HowAged,FieldSex,CHDSex,HowSex,Culmen_mm,CulmenDepth_mm,CulmenWidth_mm,NaresTip_mm,TotalHead_mm,TarsusDiagonal_mm,Wing_mm,p10_mm,p10Exposed_mm,Fat,Weight_g,CaptureMethod,NestID,BroodID,ChickAgeType,ChickHatchDate,ChickAge_d,FeatherCollected,FeatherType,Blood,BloodQuantity,BloodUse,OtherTests,Comments
2023,Alaska,Nome,Feather,64.84706,-165.94743,7/6/2023,11:50,REKN,ZPohlen,KHunt,2,,,,,,,,123233659,FEDG,1PN,FEDG,,O,M,RADIO,New,244475,,,,1,319,7,ASY,PL,M,,BO,34.8,6,3.8,25.5,64.5,32.8,170,,,,114,Mist,,1PN,,,,Y,"PC6, back",Y,2,"DNA, SI",cloacal,"L P10 tip not present, measured R wing, Frequency: 173.313, plumage: 6, tarsus-toe: 61, swab: 1326, plasma: 1329, RBC: 1328, DNA: 1327"
2023,Alaska,Nome,34 MI,64.81614,-165.93060,7/7/2023,14:00,REKN,ZPohlen,KHunt,2,,,,,,,,123233669,FEDG,1PT,FEDG,,O,M,RADIO,New,244478,,,,1,319,7,ASY,PL,M,,BO,34,6,3.3,24.9,64,32.5,175,,,,123,Mist,,1PT,,,,Y,"PC6, back",Y,2,"DNA, SI",cloacal,"Frequency: 134.344, plumage: 6, tarsus-toe: 60, swab: 1334, plasma: 1336, RBC: 1335, DNA: 1337"
2023,Alaska,Nome,Barrel,64.70663,-165.76692,5/25/2023,19:30,REKN,TOortwijn,JvGils,2,,,,,,,,129232176,FEDG,1NV,FEDG,,O,M,RADIO,New,,,,,1,319,7,ASY,PL,M,,BO,35.7,6.5,4.1,27.3,66.2,33.3,170,,,,130,WOOSH,,,,,,Y,"PC6, back",Y,2,"DNA, SI",cloacal,Frequency: 173.694
2023,Alaska,Nome,Tombstone,64.94388,-166.20480,6/9/2023,13:30,REKN,TOortwijn,JvGils,2,,,,,,,,129232177,FEDG,1NX,FEDG,,O,M,,,,,,,1,319,7,ASY,PL,F,,BO,35,6.3,3.6,26.5,65.6,31.2,172,,,,127,Mist,L-01,,,,,Y,"PC6, back",Y,2,"DNA, SI",cloacal,
2023,Alaska,Nome,37 MI,64.84805,-166.08647,6/11/2023,12:10,REKN,TOortwijn,JvGils,2,,,,,,,,129232178,FEDG,1NY,FEDG,,O,M,,,,,,,1,319,7,ASY,PL,F,,BO,36.2,6,3.8,28.5,68.4,34.4,178,,,,142,Mist,J-02,1MH,,,,Y,"PC6, back",Y,2,"DNA, SI",cloacal,
2023,Alaska,Nome,37 MI,64.84676,-166.08760,6/11/2023,15:30,REKN,TOortwijn,JvGils,2,,,,,,,,129232180,FEDG,1PA,FEDG,,O,M,RADIO,New,,,,,1,319,7,ASY,PL,U,,IC,35.5,5.5,3.1,25.9,65.2,33.6,172,,,,117,WOOSH,,,,,,Y,"PC6, back",Y,2,"DNA, SI",cloacal,Frequency: 173.713
2023,Alaska,Nome,34 MI,64.82364,-166.03580,6/16/2023,15:15,REKN,TOortwijn,JvGils,2,,,,,,,,129232182,FEDG,1PC,FEDG,,O,M,RADIO,New,,,,,1,319,7,ASY,PL,M,,BO,30.3,6.1,3.5,23.3,61.1,32.2,170,,,,118,Mist,ALL-01,1PC,,,,Y,"PC6, back",Y,2,"DNA, SI",cloacal,Frequency: 173.812
2023,Alaska,Nome,34 MI,64.82397,-166.04096,6/19/2023,11:06,REKN,TOortwijn,JvGils,2,,,,,,,,129232183,FEDG,1PE,FEDG,,O,M,RADIO,New,,,,,1,319,7,ASY,PL,U,,IC,37.8,6.1,3.7,29.7,70.1,35.2,181,,,,144,WOOSH,,,,,,Y,"PC6, back",Y,2,"DNA, SI",cloacal,"Frequency: 173.753, female?"
2023,Alaska,Nome,34 MI,64.81350,-165.95936,6/19/2023,19:00,REKN,TOortwijn,JvGils,2,,,,,,,,129232183,FEDG,1PK,FEDG,,O,M,RADIO,New,,,,,1,319,7,ASY,PL,U,,IC,35.1,6.4,4.2,26.2,63.8,30.1,166,,,,123,WOOSH,,,,,,Y,"PC6, back",Y,2,"DNA, SI",cloacal,"Frequency: 173.279, male?"
2023,Alaska,Nome,34 MI,64.81348,-165.99275,6/19/2023,13:45,REKN,TOortwijn,JvGils,2,,,,,,,,129232184,FEDG,1PH,FEDG,,O,M,RADIO,New,,,,,1,319,7,ASY,PL,F,,BO,36.4,6.5,3.5,28,68.1,34,180,,,,126,WOOSH,T-05,1NN,,,,Y,"PC6, back",Y,2,"DNA, SI",cloacal,Frequency: 173.061
2023,Alaska,Nome,34 MI,64.81350,-165.95936,6/19/2023,19:00,REKN,TOortwijn,JvGils,2,,,,,,,,129232185,FEDG,1PJ,FEDG,,O,M,RADIO,New,,,,,1,319,7,ASY,PL,U,,IC,34.1,6.3,3.5,25.9,65.5,32,171,,,,118,WOOSH,,,,,,Y,"PC6, back",Y,2,"DNA, SI",cloacal,"Frequency: 173.092, male?"
2023,Alaska,Nome,Tombstone,64.94060,-166.20779,6/23/2023,11:50,REKN,TOortwijn,KHunt,2,,,,,,,,129232194,FEDG,1PL,FEDG,,O,M,RADIO,New,,,,,1,319,7,ASY,PL,M,,BO,33.9,5.8,2.9,25.1,63.5,33.4,177,,,,115,Mist,,1PL,,,,Y,"PC6, back",Y,2,"DNA, SI",cloacal,"Frequency: 173.122, plumage: 6, tarsus-toe: 60, swab: 1295, plasma: 1296, DNA: 1297, RBC: 1298"
2023,Alaska,Nome,34 MI,64.81328,-165.95722,6/23/2023,16:18,REKN,TOortwijn,KHunt,2,,,,,,,,129232199,FEDG,1PM,FEDG,,O,M,RADIO,New,,,,,1,319,7,ASY,PL,U,,IC,37.5,6,3.3,29.4,69.1,30.5,177,,,,119,WOOSH,,,,,,Y,"PC6, back",Y,1,"DNA, SI",cloacal,"Frequency: 173.152, plumage: 5, tarsus-toe: 58, swab: 1300, plasma: 1301, DNA: 1302, RBC: 1299, female?"
2023,Alaska,Nome,37 MI,64.84563,-166.08494,7/5/2023,13:55,REKN,ZPohlen,KHunt,2,122274451,FEDG,1KU,FEDG,,Y,M,122274451,FEDG,1KU,FEDG,,Y,M,RADIO,New,267757,,,,R,319,7,ATY,PL,M,,BO,32.4,5.7,3.3,23.1,62.9,32.9,169,,,,125,Mist,,1KU,,,,Y,"PC6, back",Y,2,"DNA, SI",cloacal,"Frequency: 173.231, plumage: 7, tarsus-toe: 59, swab: 1324, plasma: 1323, DNA: 1325, RBC: 1322"
2023,Alaska,Nome,34 MI,64.81538,-165.92691,7/7/2023,12:20,REKN,ZPohlen,KHunt,2,122274490,,,,,,M,122274490,FEDG,1PP,FEDG,,O,M,RADIO,New,244477,,,,R,319,7,ATY,PL,M,,BO,33.8,6.5,3.9,25.1,64.2,32.4,174,,,,116,Mist,,1PP,,,,Y,"PC6, back",Y,2,"DNA, SI",cloacal,"Swooped out of air with mist net, frequency: 173.333, plumage: 7, tarsus-toe: 59, swab: 1331, DNA: 1332, plasma: 1333, RBC: 1330"
2023,Alaska,Nome,Steven,64.84456,-166.02062,6/27/2023,18:20,REKN,TOortwijn,KHunt,2,123233825,FEDG,1JP,FEDG,,Y+GEO,M,123233825,FEDG,1JP,FEDG,,Y,M,RADIO,New,,GEO,Removed,,R,319,7,ATY,PL,M,,BO,32.7,6.1,3.8,23.3,62.7,33,174,,,,118,Mist,,1JP,,,,Y,"PC6, back",Y,1,"DNA, SI",cloacal,"Swooped out of air with mist net, Removed GEO, Frequency: 173.453, plumage: 5, tarsus-toe: 60, swab: 1176, fecal: 1175, plasma: 1308, DNA: 1309, RBC: 1310"
2023,Alaska,Nome,34 MI,64.81568,-166.00510,6/6/2023,14:45,REKN,TOortwijn,JvGils,2,123233849,FEDG,1MY,R,,FEDG,M,123233849,FEDG,1MY,R,,FEDG,M,RADIO,New,,,,,R,319,7,ATY,PL,M,,BO,34.8,6.1,4,25.9,64.9,32,170,,,,115,WOOSH,A-02,1MY,,,,Y,"PC6, back",Y,2,"DNA, SI",cloacal,Frequency: 173.643
2023,Alaska,Nome,37 MI,64.84298,-166.08182,6/10/2023,14:50,REKN,TOortwijn,JvGils,2,129232101,FEDG,1MT,FEDG,,G,M,129232101,FEDG,1MT,FEDG,,G,M,RADIO,New,,,,,R,319,7,ATY,PL,M,,BO,34.9,6.3,3.8,26.5,65.7,33.2,172,,,,126,WOOSH,T-02,1MT,,,,Y,"PC6, back",Y,2,"DNA, SI",cloacal,Frequency: 173.691
2023,Alaska,Nome,34 MI,64.81348,-165.99275,6/19/2023,13:45,REKN,TOortwijn,JvGils,2,129232103,FEDG,1MN,FEDG,,G,M,129232103,FEDG,1MN,FEDG,,G,M,RADIO,New,,,,,R,319,7,ATY,PL,M,,BO,35.5,6,3.2,27.4,66,32,168,,,,113,WOOSH,T-04,1MN,,,,Y,"PC6, back",Y,2,"DNA, SI",cloacal,Frequency: 173.303
2023,Alaska,Nome,34 MI,64.81574,-165.99583,7/7/2023,10:55,REKN,ZPohlen,KHunt,2,129232103,FEDG,1MN,FEDG,,G,M,129232103,FEDG,1MN,FEDG,,G,M,RADIO,Replaced,244476,,,,R,325,7,ATY,PL,M,,BO,,,,,,,,,,,112,Mist,T-04,1MN,,,,N,,N,,,,"Replaced lost radio, frequency: 173.323"
2023,Alaska,Nome,34 MI,64.82259,-166.04112,6/29/2023,13:47,REKN,ZPohlen,KHunt,2,129232137,FEDG,1MV,FEDG,,Y,M,129232137,FEDG,1MV,FEDG,,Y,M,RADIO,New,267755,,,,R,319,7,ATY,PL,U,,IC,35.5,6.7,3.5,26,65.5,34.7,171,,,,120,WOOSH,,,,,,Y,"PC6, back",Y,2,"DNA, SI",cloacal,"Frequency: 173.1693, plumage: 5, tarsus-toe: 63, swab: 1311, DNA: 1313, RBC: 1312, plasma: 1314, male?"
2023,Alaska,Nome,37 MI,64.84738,-166.08438,5/27/2023,13:10,REKN,TOortwijn,JvGils,2,129232139,FEDG,1MH,FEDG,,Y,M,129232139,FEDG,1MH,FEDG,,Y,M,RADIO,New,,,,,R,319,7,ATY,PL,M,,BO,35.6,6.4,4.5,27.4,66,33.1,174,,,,131,WOOSH,J-02,1MH,,,,Y,"PC6, back",Y,2,"DNA, SI",cloacal,"Metal hard to read at capture, Frequency: 173.913"
2023,Alaska,Nome,34 MI,64.81371,-165.95268,6/6/2023,16:45,REKN,TOortwijn,JvGils,2,129232140,FEDG,1MJ,FEDG,,Y,M,129232140,FEDG,1MJ,FEDG,,Y,M,RADIO,New,,,,,R,319,7,ATY,PL,M,,BO,36,6.7,3.9,27.9,67.3,33.6,173,,,,115,WOOSH,,,,,,Y,"PC6, back",Y,2,"DNA, SI",cloacal,Frequency: 173.653
2023,Alaska,Nome,37 MI,64.85123,-166.08031,6/11/2023,13:10,REKN,TOortwijn,JvGils,2,122274343,FELG,6XH,FELG,,W,,129232179,FELG,6XH,FELG,,W,M,,,,,,,R,319,7,ATY,PL,F,,BO,34.7,6.4,3.2,27.3,66.7,33.4,175,,,,126,Mist,T-03,1CX,,,,Y,"PC6, back",Y,2,"DNA, SI",cloacal,"Missing metal at capture, missing nail on left outer toe"
2023,Alaska,Nome,37 MI,64.85334,-166.08131,6/12/2023,14:00,REKN,TOortwijn,JvGils,2,129231737,FEDG,1HU,FEDG,,Y,,129232181,FEDG,1HU,FEDG,,Y,M,,,,,,,R,319,7,ATY,PL,F,,BO,36.9,6.3,4.6,29,68.6,32.9,179,,,,136,Mist,J-01,1NL,,,,Y,"PC6, back",Y,2,"DNA, SI",cloacal,Missing metal at capture
2023,Alaska,Nome,34 MI,64.81762,-166.00618,6/20/2023,12:25,REKN,TOortwijn,KHunt,2,129231717,FEDG,1EP,FEDG,,Y,,129232187,FEDG,1EP,FEDG,,Y,M,,,,,,,R,319,7,ATY,PL,F,,BO,34.6,6.1,3.9,26.6,66.6,34.9,180,,,,129,Mist,A-02,,,,,Y,"PC6, back",Y,2,"DNA, SI",cloacal,"Missing metal at capture, plumage: 6, tarsus-toe: 61, swab: 1281, plasma: 1283, RBC: 1284, DNA: 1282"
2023,Alaska,Nome,37 MI,64.84544,-166.08525,5/23/2023,13:40,REKN,TOortwijn,JvGils,2,142220901,FEDG,1MP,FEDG,,G,M,142220901,FEDG,1MP,FEDG,,G,M,RADIO,New,,,,,R,319,7,ATY,PL,M,,BO,34,6.5,4.1,25.8,63.7,31.8,165,,,,130,WOOSH,A-01,1MP,,,,Y,"PC6, back",Y,2,"DNA, SI",cloacal,Frequency: 173.903
2023,Alaska,Nome,37 MI,64.84298,-166.08182,6/10/2023,14:50,REKN,TOortwijn,KHunt,2,142220901,FEDG,1MP,FEDG,,G,M,142220901,FEDG,1MP,FEDG,,G,M,RADIO,Retained,,,,,R,325,7,ATY,PL,M,,BO,,,,,,,,,,,112,WOOSH,A-01,1MP,,,,N,,N,,,fecal,Fecal: 1149
2023,Alaska,Nome,Barrel,64.70663,-165.76692,5/25/2023,20:20,REKN,TOortwijn,JvGils,2,142220902,FEDG,1MX,FEGD,,G,M,142220902,FEDG,1MX,FEDG,,G,M,RADIO,New,,,,,R,319,7,ATY,PL,M,,BO,35,6.4,3.8,25.8,65,33.6,175,,,,119,WOOSH,,,,,,Y,"PC6, back",Y,2,"DNA, SI",cloacal,Frequency: 173.933
2023,Alaska,Nome,34 MI,64.82364,-166.03580,6/24/2023,12:54,REKN,TOortwijn,KHunt,2,142220903,FEDG,1NA,FEDG,,G,M,142220903,FEDG,1NA,FEDG,,G,M,,,,,,,R,319,7,ATY,PL,F,,BO,37.3,5.8,3.7,28.1,68.2,32.9,178,,,,128,Mist,ALL-01,1PC,,,,Y,"PC6, back",Y,1,"DNA, SI","cloacal, fecal","Plumage: 7, tarsus-toe: 60, plasma: 1303, RBC: 1304, DNA: 1305, fecal: 1306, swab: 1307"
2023,Alaska,Nome,37 MI,64.84751,-166.08745,6/11/2023,16:50,REKN,TOortwijn,JvGils,2,142220904,FEDG,1NC,FEDG,,G,M,142220904,FEDG,1NC,FEDG,,G,M,RADIO,New,,,,,R,319,7,ATY,PL,F,,BO,37,6,3.8,28.3,69.2,34,177,,,,131,WOOSH,T-02,1MT,,,,Y,"PC6, back",Y,2,"DNA, SI",cloacal,Frequency: 173.733
2023,Alaska,Nome,37 MI,64.84624,-166.07990,6/10/2023,16:10,REKN,TOortwijn,JvGils,2,142220905,FEDG,1NE,FEDG,,G,M,142220905,FEDG,1NE,FEDG,,G,M,,,,,,,R,319,7,ATY,PL,F,,BO,36,6.1,3.1,27.1,66.3,32.9,184,,,,139,Mist,A-01,1MP,,,,Y,"PC6, back",Y,2,"DNA, SI",cloacal,
2023,Alaska,Nome,Tombstone,64.94366,-166.20688,5/24/2023,15:50,REKN,TOortwijn,JvGils,2,142220907,FEDG,1NJ,FEDG,,G,M,142220907,FEDG,1NJ,FEDG,,G,M,RADIO,New,,,,,R,319,7,ATY,PL,M,,BO,34.3,6.8,3.7,27,66,32.5,172,,,,126,WOOSH,L-01,,,,,Y,"PC6, back",Y,2,"DNA, SI",cloacal,Frequency: 173.192
2023,Alaska,Nome,37 MI,64.85334,-166.08131,6/8/2023,14:45,REKN,TOortwijn,JvGils,2,142220915,FEDG,1CX,FEDG,,LB,M,142220915,FEDG,1CX,FEDG,,LB,M,RADIO,New,,,,,R,319,7,ATY,PL,M,,BO,35.6,6,3.6,27.7,68,34.6,176,,,,120,Mist,J-01,1CX,,,,Y,"PC6, back",Y,2,"DNA, SI",cloacal,Frequency: 173.673
2023,Alaska,Nome,34 MI,64.81341,-165.95924,5/28/2023,16:00,REKN,TOortwijn,JvGils,2,142220917,FEDG,1NK,FEDG,,G,M,142220917,FEDG,1NK,FEDG,,G,M,RADIO,New,,,,,R,319,7,ATY,PL,M,,BO,34,6.5,4.7,25.9,64.8,33,177,,,,109,WOOSH,,,,,,Y,"PC6, back",Y,2,"DNA, SI",cloacal,Frequency: 173.612
2023,Alaska,Nome,37 MI,64.85084,-166.09125,5/27/2023,16:50,REKN,TOortwijn,JvGils,2,142220930,FEDG,1NL,FEDG,,G,M,142220930,FEDG,1NL,FEDG,,G,M,RADIO,New,,,,,R,319,7,ATY,PL,M,,BO,33.8,6.4,3.8,26.5,65,32.8,170,,,,144,WOOSH,T-03,1NL,,,,Y,"PC6, back",Y,2,"DNA, SI",cloacal,Frequency: 173.593
2023,Alaska,Nome,34 MI,64.81651,-165.99593,6/21/2023,16:35,REKN,TOortwijn,KHunt,2,142220936,FEDG,1NM,FEDG,,G,M,142220936,FEDG,1NM,FEDG,,G,M,,,,,,,R,319,7,ATY,PL,F,,BO,36.5,5.4,3,27.9,68,33.3,183,,,,126,Mist,T-04,1MN,,,,Y,"PC6, back",Y,2,"DNA, SI",cloacal,"Tarsus-toe: 61.0, swab: 1289, plasma: 1286, RBC: 1288, DNA: 1287, DNA from egg: 1290"
2023,Alaska,Nome,Feather,64.84146,-165.95891,7/3/2023,14:55,REKN,ZPohlen,KHunt,2,142220937,FEDG,1NN,FEDG,,G,M,142220937,FEDG,1NN,FEDG,,G,M,RADIO,New,267756,,,,R,319,7,ATY,PL,M,,BO,35,5.6,3.7,26,63.9,31.4,170,,,,127,Mist,T-05,1NN,,,,Y,"PC6, back",Y,2,"DNA, SI",cloacal,"Frequency: 173.204, plumage: 7, tarsus-toe: 59, swab: 1315, DNA: 1316, plasma: 1317, RBC: 1318"
2023,Alaska,Nome,37 MI,64.85334,-166.08131,6/24/2023,16:41,REKN,ZPohlen,KHunt,2,,,,,,,,123233635,,,,,,M,,,,,,,1,318,7,L,NF,U,,NA,11.2,4.1,3.4,9.3,32.5,27.3,,1.3,0,,14,Hand,J-01,1CX,Known,6/24/2023,0,Y,Down,Y,filter,DNA,,
2023,Alaska,Nome,37 MI,64.85534,-166.07919,6/26/2023,12:00,REKN,ZPohlen,KHunt,2,123233635,,,,,,M,123233635,,,,,,M,,,,,,,R,300,7,L,NF,U,,NA,13.1,4.4,3.7,10.8,35.2,27.9,,2.7,0,,16.1,Hand,J-01,1CX,Known,6/24/2023,2,N,,N,,,fecal,Fecal: 1167
2023,Alaska,Nome,37 MI,64.85156,-166.08131,6/29/2023,16:34,REKN,ZPohlen,KHunt,2,123233635,,,,,,M,123233635,,,,,,M,,,,,,,R,300,7,L,NF,U,,NA,16.4,4.9,4.3,12.6,39.5,28.9,,9.8,0,,31.4,Hand,J-01,1CX,Known,6/24/2023,5,N,,N,,,fecal,Fecal: 1187
2023,Alaska,Nome,37 MI,64.85502,-166.07948,7/2/2023,13:06,REKN,ZPohlen,KHunt,2,123233635,,,,,,M,123233635,,,,,,M,,,,,,,R,300,7,L,NF,U,,NA,19.4,5.4,4.7,15.3,44.6,31.2,,24.1,6.9,,54.3,Hand,J-01,1CX,Known,6/24/2023,8,N,,N,,,fecal,Fecal: 1207
2023,Alaska,Nome,37 MI,64.84035,-166.07830,7/5/2023,12:12,REKN,ZPohlen,KHunt,2,123233635,,,,,,M,123233635,,,,,,M,,,,,,,R,300,7,L,NF,U,,NA,21.3,6.2,4.9,16.4,48.2,32.5,,40.8,16.8,,70.8,Hand,J-01,1CX,Known,6/24/2023,11,Y,Back,N,,,fecal,"Fecal: 1385, 1386,  Adult 1CX fecal sample: 1383"
2023,Alaska,Nome,37 MI,64.83804,-166.06932,7/8/2023,8:45,REKN,ZPohlen,KHunt,2,123233635,,,,,,M,123233635,,,,,,M,,,,,,,R,300,7,L,NF,U,,NA,22.5,6.3,5.3,17.3,50.9,33.9,,56,28.8,,88.4,Hand,J-01,1CX,Known,6/24/2023,14,N,,N,,,fecal,Fecal: 1425
2023,Alaska,Nome,37 MI,64.83620,-166.07298,7/15/2023,14:47,REKN,ZPohlen,CGesmundo,2,123233635,,,,,,M,123233635,FEDG,1TH,FEDG,,,M,,,,,,,R,369,7,L,NF,U,,NA,26.3,6.4,5.4,20,55.5,35,,86.7,70.5,,102.2,Mist,J-01,1CX,Known,6/24/2023,21,N,,N,,,fecal,Fecal: 1339
2023,Alaska,Nome,37 MI,64.83844,-166.06918,7/18/2023,19:47,REKN,ZPohlen,CGesmundo,2,123233635,FEDG,1TH,FEDG,,,M,123233635,FEDG,1TH,FEDG,,,M,,,,,,,R,369,7,L,NF,U,,NA,28.3,6.7,5.4,21.6,57.4,35,,98.5,85.7,,110.7,Mist,J-01,1CX,Known,6/24/2023,24,N,,N,,,fecal,Fecal: 1349
2023,Alaska,Nome,37 MI,64.85334,-166.08131,6/24/2023,16:41,REKN,ZPohlen,KHunt,2,,,,,,,,123233636,,,,,,M,,,,,,,1,318,7,L,NF,U,,NA,12,3.9,3.4,9.2,32.5,26.5,,0.4,0,,13.8,Hand,J-01,1CX,Known,6/24/2023,0,Y,Down,Y,filter,DNA,,
2023,Alaska,Nome,37 MI,64.85534,-166.07919,6/26/2023,12:00,REKN,ZPohlen,KHunt,2,123233636,,,,,,M,123233636,,,,,,M,,,,,,,R,300,7,L,NF,U,,NA,12.5,4.3,3.7,11,34.8,27.5,,2.6,0,,15,Hand,J-01,1CX,Known,6/24/2023,2,N,,N,,,fecal,Fecal: 1166
2023,Alaska,Nome,37 MI,64.85156,-166.08131,6/29/2023,16:34,REKN,ZPohlen,KHunt,2,123233636,,,,,,M,123233636,,,,,,M,,,,,,,R,300,7,L,NF,U,,NA,15.7,5.1,4.2,12.8,39.8,28.9,,8.6,1.2,,28.5,Hand,J-01,1CX,Known,6/24/2023,5,N,,N,,,fecal,Fecal: 1189
2023,Alaska,Nome,37 MI,64.85502,-166.07948,7/2/2023,13:06,REKN,ZPohlen,KHunt,2,123233636,,,,,,M,123233636,,,,,,M,,,,,,,R,300,7,L,NF,U,,NA,19.9,5.6,4.2,15.6,44.6,30,,24.1,6.9,,50,Hand,J-01,1CX,Known,6/24/2023,8,N,,N,,,fecal,Fecal: 1208
2023,Alaska,Nome,37 MI,64.84035,-166.07830,7/5/2023,12:12,REKN,ZPohlen,KHunt,2,123233636,,,,,,M,123233636,,,,,,M,,,,,,,R,300,7,L,NF,U,,NA,21.6,5.8,4.9,17,48.6,31.4,,40.8,16.8,,68.1,Hand,J-01,1CX,Known,6/24/2023,11,Y,Back,N,,,fecal,"Fecal: 1382, 1384, Adult 1CX fecal sample: 1383"
2023,Alaska,Nome,37 MI,64.83804,-166.06932,7/8/2023,8:45,REKN,ZPohlen,KHunt,2,123233636,,,,,,M,123233636,,,,,,M,,,,,,,R,300,7,L,NF,U,,NA,22.5,6.3,4.6,17.1,50.9,32.5,,52.9,27,,89.4,Hand,J-01,1CX,Known,6/24/2023,14,N,,N,,,fecal,Fecal: 1427
2023,Alaska,Nome,37 MI,64.83555,-166.07179,7/11/2023,10:56,REKN,ZPohlen,KHunt,2,123233636,,,,,,M,123233636,,,,,,M,,,,,,,R,300,7,L,NF,U,,NA,24.6,6.4,4.9,19,53.2,33.1,,68.2,42.7,,102.9,Hand,J-01,1CX,Known,6/24/2023,17,Y,S4,N,,,fecal,Fecal: 1452
2023,Alaska,Nome,37 MI,64.83620,-166.07298,7/15/2023,14:47,REKN,ZPohlen,CGesmundo,2,123233636,,,,,,M,123233636,FEDG,1TE,FEDG,,,M,,,,,,,R,369,7,L,NF,U,,NA,25.9,6.6,5,20.6,56.2,33.4,,88.2,69.7,,108.9,Mist,J-01,1CX,Known,6/24/2023,21,N,,N,,,fecal,Fecal: 1338
2023,Alaska,Nome,37 MI,64.83844,-166.06918,7/18/2023,19:47,REKN,ZPohlen,CGesmundo,2,123233636,FEDG,1TE,FEDG,,,M,123233636,FEDG,1TE,FEDG,,,M,,,,,,,R,369,7,L,NF,U,,NA,28.9,6.6,5.4,22.4,59.3,34,,97.7,82.3,,114.1,Mist,J-01,1CX,Known,6/24/2023,24,N,,N,,,fecal,Fecal: 1348
2023,Alaska,Nome,37 MI,64.85334,-166.08131,6/25/2023,16:41,REKN,ZPohlen,KHunt,2,,,,,,,,123233637,,,,,,M,,,,,,,1,318,7,L,NF,U,,NA,11.5,3.6,3.2,9.1,32.1,26.2,,0.3,0,,13.3,Hand,J-01,1CX,Known,6/24/2023,1,Y,Down,Y,filter,DNA,,
2023,Alaska,Nome,37 MI,64.85534,-166.07919,6/26/2023,12:00,REKN,ZPohlen,KHunt,2,123233637,,,,,,M,123233637,,,,,,M,,,,,,,R,300,7,L,NF,U,,NA,11.9,4.2,3.6,10,33.6,27.4,,0.9,0,,13.5,Hand,J-01,1CX,Known,6/24/2023,2,N,,N,,,fecal,Fecal: 1165
2023,Alaska,Nome,37 MI,64.85156,-166.08131,6/29/2023,16:34,REKN,ZPohlen,KHunt,2,123233637,,,,,,M,123233637,,,,,,M,,,,,,,R,300,7,L,NF,U,,NA,15.6,4.8,3.8,12,38.2,28.8,,5.5,0,,24.6,Hand,J-01,1CX,Known,6/24/2023,5,N,,N,,,fecal,Fecal: 1188
2023,Alaska,Nome,37 MI,64.85502,-166.07948,7/2/2023,12:12,REKN,ZPohlen,KHunt,2,123233637,,,,,,M,123233637,,,,,,M,,,,,,,R,300,7,L,NF,U,,NA,17.8,5.6,4.2,14.6,44.3,30.4,,15.8,2.7,,43.8,Hand,J-01,1CX,Known,6/24/2023,8,N,,N,,,fecal,Fecal: 1209
2023,Alaska,Nome,37 MI,64.85340,-166.08630,6/26/2023,11:18,REKN,ZPohlen,KHunt,2,,,,,,,,123233638,,,,,,M,,,,,,,1,318,7,L,NF,U,,NA,12,4,3.3,9.4,32.1,27,,0.4,0,,15.1,Hand,T-02,1MT,Known,6/26/2023,0,Y,Down,Y,filter,DNA,,
2023,Alaska,Nome,37 MI,64.85156,-166.08131,6/29/2023,16:15,REKN,ZPohlen,KHunt,2,123233638,,,,,,M,123233638,,,,,,M,,,,,,,R,300,7,L,NF,U,,NA,14,4.8,3.9,11.1,36.9,27.5,,4.3,0,,20.8,Hand,T-02,1MT,Known,6/26/2023,3,N,,N,,,fecal,Fecal: 1185
2023,Alaska,Nome,37 MI,64.85284,-166.08928,7/2/2023,14:19,REKN,ZPohlen,KHunt,2,123233638,,,,,,M,123233638,,,,,,M,,,,,,,R,300,7,L,NF,U,,NA,15.6,5.7,4,13.4,42.2,30.4,,13.8,0.9,,38.8,Hand,T-02,1MT,Known,6/26/2023,6,N,,N,,,fecal,Fecal: 1210
2023,Alaska,Nome,37 MI,64.85340,-166.08630,6/26/2023,11:18,REKN,ZPohlen,KHunt,2,,,,,,,,123233639,,,,,,M,,,,,,,1,318,7,L,NF,U,,NA,12.9,4,3.2,9.6,32.5,25.9,,0.4,0,,14.6,Hand,T-02,1MT,Known,6/26/2023,0,Y,Down,Y,filter,DNA,,
2023,Alaska,Nome,37 MI,64.85156,-166.08131,6/29/2023,16:15,REKN,ZPohlen,KHunt,2,123233639,,,,,,M,123233639,,,,,,M,,,,,,,R,300,7,L,NF,U,,NA,14.6,4.8,4,11.9,36.4,27.4,,6.1,0,,20.6,Hand,T-02,1MT,Known,6/26/2023,3,N,,N,,,fecal,Fecal: 1186
2023,Alaska,Nome,37 MI,64.85284,-166.08928,7/2/2023,11:40,REKN,ZPohlen,KHunt,2,123233639,,,,,,M,123233639,,,,,,M,,,,,,,R,300,7,L,NF,U,,NA,17.1,5.3,4.1,13.9,42,29.4,,16.4,2.4,,38.1,Hand,T-02,1MT,Known,6/26/2023,6,N,,N,,,fecal,Fecal: 1211
2023,Alaska,Nome,37 MI,64.84147,-166.07942,7/5/2023,11:40,REKN,ZPohlen,KHunt,2,123233639,,,,,,M,123233639,,,,,,M,,,,,,,R,300,7,L,NF,U,,NA,19.2,5.4,4.5,15.6,46,30.5,,31,4.8,,57.9,Hand,T-02,1MT,Known,6/26/2023,9,N,,N,,,fecal,"Fecal: 1379, 1381, Adult 1MT fecal sample: 1378, 1380"
2023,Alaska,Nome,37 MI,64.83804,-166.06932,7/8/2023,8:45,REKN,ZPohlen,KHunt,2,123233639,,,,,,M,123233639,,,,,,M,,,,,,,R,300,7,L,NF,U,,NA,20.8,5.8,4.8,16.6,49.4,32.5,,48.1,19.8,,81.5,Hand,T-02,1MT/1CX,Known,6/26/2023,12,N,,N,,,fecal,"Fecal: 1426, originally 1MT brood but adopted by 1CX"
2023,Alaska,Nome,37 MI,64.83555,-166.07179,7/11/2023,10:56,REKN,ZPohlen,KHunt,2,123233639,,,,,,M,123233639,,,,,,M,,,,,,,R,300,7,L,NF,U,,NA,23.9,6.3,4.9,17.7,52,32.5,,64.1,36.9,,99.7,Hand,T-02,1MT/1CX,Known,6/26/2023,15,N,,N,,,fecal,"Fecal: 1453, originally 1MT brood but adopted by 1CX"
2023,Alaska,Nome,37 MI,64.83620,-166.07298,7/15/2023,14:47,REKN,ZPohlen,CGesmundo,2,123233639,,,,,,M,123233639,FEDG,1TJ,FEDG,,,M,,,,,,,R,369,7,L,NF,U,,NA,25.6,6.7,4.9,19,55.1,33.4,,81.5,59.3,,105.7,Mist,T-02,1MT/1CX,Known,6/26/2023,19,Y,S4,N,,,fecal,"Fecal: 1340, originally 1MT brood but adopted by 1CX"
2023,Alaska,Nome,37 MI,64.83844,-166.06918,7/18/2023,19:47,REKN,ZPohlen,CGesmundo,2,123233639,FEDG,1TJ,FEDG,,,M,123233639,FEDG,1TJ,FEDG,,,M,,,,,,,R,369,7,L,NF,U,,NA,27.9,6.8,5.2,21.2,58.5,34,,93.6,73.6,,115.7,Mist,T-02,1MT/1CX,Known,6/26/2023,22,N,,N,,,fecal,"Fecal: 1350, originally 1MT brood but adopted by 1CX"
2023,Alaska,Nome,Steven,64.84456,-166.02062,6/27/2023,18:20,REKN,ZPohlen,KHunt,2,,,,,,,,123233640,,,,,,M,,,,,,,1,318,7,L,NF,U,,NA,15.6,5.1,4,12,37.6,28.2,,10.9,1.3,,28.9,Hand,,1JP,Estimated,6/21/2023,6,Y,Down,Y,filter,DNA,fecal,Fecal: 1177
2023,Alaska,Nome,Steven,64.85151,-165.99015,7/10/2023,13:20,REKN,ZPohlen,KHunt,2,123233640,,,,,,M,123233640,,,,,,M,,,,,,,R,300,7,L,NF,U,,NA,25.1,6.7,5,18.2,53.3,33.5,,72.1,49,,97.1,Hand,,1JP,Estimated,6/21/2023,19,N,,N,,,fecal,Fecal: 1443
2023,Alaska,Nome,Steven,64.84456,-166.02062,6/27/2023,18:20,REKN,ZPohlen,KHunt,2,,,,,,,,123233641,,,,,,M,,,,,,,1,318,7,L,NF,U,,NA,14.9,5.1,4,12,38.4,28,,9.7,1.4,,27.4,Hand,,1JP,Estimated,6/21/2023,6,Y,Down,Y,filter,DNA,fecal,Fecal: 1178
2023,Alaska,Nome,Steven,64.84439,-166.01918,6/30/2023,9:31,REKN,ZPohlen,KHunt,2,123233641,,,,,,M,123233641,,,,,,M,,,,,,,R,300,7,L,NF,U,,NA,17.5,5.7,4.5,13.3,43,28.7,,19.2,5.7,,38.9,Hand,,1JP,Estimated,6/21/2023,9,N,,N,,,fecal,Fecal: 1196
2023,Alaska,Nome,Steven,64.84868,-166.00445,7/6/2023,10:00,REKN,ZPohlen,KHunt,2,123233641,,,,,,M,123233641,,,,,,M,,,,,,,R,300,7,L,NF,U,,NA,23.2,6.5,5.1,17.5,51,32.9,,50.5,27.8,,84.8,Hand,,1JP,Estimated,6/21/2023,15,N,,N,,,fecal,Fecal: 1393
2023,Alaska,Nome,Steven,64.85151,-165.99015,7/10/2023,13:20,REKN,ZPohlen,KHunt,2,123233641,,,,,,M,123233641,,,,,,M,,,,,,,R,300,7,L,NF,U,,NA,24.8,6.5,5,18.5,53.8,32.7,,71.6,50.3,,97.1,Hand,,1JP,Estimated,6/21/2023,19,N,,N,,,,
2023,Alaska,Nome,Steven,64.84456,-166.02062,6/27/2023,18:20,REKN,ZPohlen,KHunt,2,,,,,,,,123233642,,,,,,M,,,,,,,1,318,7,L,NF,U,,NA,16,5,3.9,11.8,38.7,27,,7.3,0.7,,25.8,Hand,,1JP,Estimated,6/21/2023,6,Y,Down,Y,filter,DNA,fecal,Fecal: 1179
2023,Alaska,Nome,Steven,64.84439,-166.01918,6/30/2023,9:31,REKN,ZPohlen,KHunt,2,123233642,,,,,,M,123233642,,,,,,M,,,,,,,R,300,7,L,NF,U,,NA,18.8,5.4,4.1,13.8,43.5,28.9,,15.8,3.6,,36.6,Hand,,1JP,Estimated,6/21/2023,9,N,,N,,,fecal,Fecal: 1195
2023,Alaska,Nome,Steven,64.84951,-166.00195,7/3/2023,19:19,REKN,ZPohlen,KHunt,2,123233642,,,,,,M,123233642,,,,,,M,,,,,,,R,300,7,L,NF,U,,NA,21.4,6.1,4.6,16,48.5,30.7,,31.2,13.2,,60.5,Hand,,1JP,Estimated,6/21/2023,12,Y,Back,N,,,fecal,Fecal: 1215
2023,Alaska,Nome,Steven,64.84868,-166.00445,7/6/2023,10:00,REKN,ZPohlen,KHunt,2,123233642,,,,,,M,123233642,,,,,,M,,,,,,,R,300,7,L,NF,U,,NA,22.9,6.5,4.6,17.8,51,31.5,,45,22.9,,81,Hand,,1JP,Estimated,6/21/2023,15,N,,N,,,fecal,Fecal: 1394
2023,Alaska,Nome,Steven,64.85151,-165.99015,7/10/2023,13:20,REKN,ZPohlen,KHunt,2,123233642,,,,,,M,123233642,,,,,,M,,,,,,,R,300,7,L,NF,U,,NA,24.9,6.5,4.8,18.1,53.8,32.2,,66.7,44,,96.6,Hand,,1JP,Estimated,6/21/2023,19,N,,N,,,fecal,Fecal: 1444
2023,Alaska,Nome,Steven,64.84456,-166.02062,6/27/2023,18:20,REKN,ZPohlen,KHunt,2,,,,,,,,123233643,,,,,,M,,,,,,,1,318,7,L,NF,U,,NA,15.1,4.8,3.9,12,39.2,27.4,,9,1.1,,26.6,Hand,,1JP,Estimated,6/21/2023,6,Y,Down,Y,filter,DNA,fecal,Fecal: 1180
2023,Alaska,Nome,Steven,64.84439,-166.01918,6/30/2023,9:31,REKN,ZPohlen,KHunt,2,123233643,,,,,,M,123233643,,,,,,M,,,,,,,R,300,7,L,NF,U,,NA,17.3,5.5,4.6,14.1,42.9,29,,18.4,3.5,,38.1,Hand,,1JP,Estimated,6/21/2023,9,N,,N,,,fecal,Fecal: 1197
2023,Alaska,Nome,Steven,64.84951,-166.00195,7/3/2023,19:19,REKN,ZPohlen,KHunt,2,123233643,,,,,,M,123233643,,,,,,M,,,,,,,R,300,7,L,NF,U,,NA,20.7,5.8,4.4,16,48.4,31,,36.9,16.2,,63.1,Hand,,1JP,Estimated,6/21/2023,12,Y,Back,N,,,fecal,"Fecal: 1216, 1368"
2023,Alaska,Nome,Steven,64.84868,-166.00445,7/6/2023,10:00,REKN,ZPohlen,KHunt,2,123233643,,,,,,M,123233643,,,,,,M,,,,,,,R,300,7,L,NF,U,,NA,22.3,6.6,4.8,17,49,31.2,,51.1,26.2,,81.2,Hand,,1JP,Estimated,6/21/2023,15,N,,N,,,fecal,Fecal: 1395
2023,Alaska,Nome,Steven,64.85151,-165.99015,7/10/2023,13:20,REKN,ZPohlen,KHunt,2,123233643,,,,,,M,123233643,,,,,,M,,,,,,,R,300,7,L,NF,U,,NA,24.5,6.9,5.5,19,53.3,31.8,,71.7,49.5,,96.7,Hand,,1JP,Estimated,6/21/2023,19,N,,N,,,fecal,Fecal: 1445
2023,Alaska,Nome,34 MI,64.82364,-166.03580,7/1/2023,14:44,REKN,ZPohlen,KHunt,2,,,,,,,,123233644,,,,,,M,,,,,,,1,318,7,L,NF,U,,NA,10.5,4.1,3.1,8.4,31.1,26.5,,1,0,,13.3,Hand,ALL-01,1PC,Known,7/1/2023,0,Y,Down,Y,filter,DNA,,
2023,Alaska,Nome,34 MI,64.82384,-166.04020,7/4/2023,8:53,REKN,ZPohlen,KHunt,2,123233644,,,,,,M,123233644,,,,,,M,,,,,,,R,300,7,L,NF,U,,NA,12.1,4.6,3.7,10.2,35.6,28.3,,5.3,0,,21.8,Hand,ALL-01,1PC,Known,7/1/2023,3,N,,N,,,fecal,Fecal: 1369
2023,Alaska,Nome,34 MI,64.82323,-166.03889,7/7/2023,8:45,REKN,ZPohlen,KHunt,2,123233644,,,,,,M,123233644,,,,,,M,,,,,,,R,300,7,L,NF,U,,NA,15.4,5.2,4.1,12.4,39.6,29,,15.8,0.9,,37.3,Hand,ALL-01,1PC,Known,7/1/2023,6,N,,N,,,fecal,"Fecal: 1407, adult 1PC fecal sample 1406"
2023,Alaska,Nome,34 MI,64.81903,-166.03583,7/10/2023,10:00,REKN,ZPohlen,KHunt,2,123233644,,,,,,M,123233644,,,,,,M,,,,,,,R,300,7,L,NF,U,,NA,16.8,5.5,4.5,13.2,43.9,29.9,,28.8,8.1,,54.7,Hand,ALL-01,1PC,Known,7/1/2023,9,N,,N,,,fecal,Fecal: 1441
2023,Alaska,Nome,34 MI,64.82364,-166.03580,7/1/2023,14:44,REKN,ZPohlen,KHunt,2,,,,,,,,123233645,,,,,,M,,,,,,,1,318,7,L,NF,U,,NA,10.3,3.9,3.1,8.7,31.3,26.1,,0.7,0,,12.9,Hand,ALL-01,1PC,Known,7/1/2023,0,Y,Down,Y,filter,DNA,,
2023,Alaska,Nome,34 MI,64.82384,-166.04020,7/4/2023,8:53,REKN,ZPohlen,KHunt,2,123233645,,,,,,M,123233645,,,,,,M,,,,,,,R,300,7,L,NF,U,,NA,13.1,4.6,3.9,10.3,33.9,26.9,,4.8,0,,19.4,Hand,ALL-01,1PC,Known,7/1/2023,3,N,,N,,,fecal,Fecal: 1370
2023,Alaska,Nome,34 MI,64.82323,-166.03889,7/7/2023,8:45,REKN,ZPohlen,KHunt,2,123233645,,,,,,M,123233645,,,,,,M,,,,,,,R,300,7,L,NF,U,,NA,16.5,5.1,4.1,12.3,39.1,28.2,,13.4,1.1,,32.5,Hand,ALL-01,1PC,Known,7/1/2023,6,N,,N,,,fecal,"Fecal: 1408, adult 1PC fecal sample 1406"
2023,Alaska,Nome,34 MI,64.81903,-166.03583,7/10/2023,10:00,REKN,ZPohlen,KHunt,2,123233645,,,,,,M,123233645,,,,,,M,,,,,,,R,300,7,L,NF,U,,NA,17.8,5.5,4.5,13.4,42.9,29,,24.8,7.6,,47.8,Hand,ALL-01,1PC,Known,7/1/2023,9,N,,N,,,fecal,Fecal: 1440
2023,Alaska,Nome,34 MI,64.81648,-166.01815,7/16/2023,15:19,REKN,ZPohlen,CGesmundo,2,123233645,,,,,,M,123233645,,,,,,M,,,,,,,R,300,7,L,NF,U,,NA,22.3,6.1,4.7,16.2,49.7,31,,56.4,34.8,,81.7,Hand,ALL-01,1PC,Known,7/1/2023,15,Y,Back,N,,,fecal,Fecal: 1485
2023,Alaska,Nome,34 MI,64.81878,-166.03457,7/18/2023,15:36,REKN,ZPohlen,CGesmundo,2,123233645,,,,,,M,123233645,,,,,,M,,,,,,,R,300,7,L,NF,U,,NA,23.2,6.2,4.7,17,51.4,32.2,,65.5,44.3,,85.7,Hand,ALL-01,1PC,Known,7/1/2023,17,N,,N,,,fecal,Fecal: 1345
2023,Alaska,Nome,34 MI,64.82116,-166.01345,7/21/2023,16:34,REKN,ZPohlen,CGesmundo,2,123233645,,,,,,M,123233645,FEDG,1TC,FEDG,,,M,,,,,,,R,369,7,L,NF,U,,NA,24.2,6.3,4.7,17.3,52.5,32.2,,78.5,58.1,,88.4,Mist,ALL-01,1PC,Known,7/1/2023,20,N,,N,,,,Flying very well
2023,Alaska,Nome,34 MI,64.82364,-166.03580,7/1/2023,14:44,REKN,ZPohlen,KHunt,2,,,,,,,,123233646,,,,,,M,,,,,,,1,318,7,L,NF,U,,NA,10.8,3.8,3,8.5,29.6,25,,0.2,0,,11.7,Hand,ALL-01,1PC,Known,7/1/2023,0,Y,Down,Y,filter,DNA,,"Egg tooth, still damp"
2023,Alaska,Nome,34 MI,64.82384,-166.04020,7/4/2023,8:53,REKN,ZPohlen,KHunt,2,123233646,,,,,,M,123233646,,,,,,M,,,,,,,R,300,7,L,NF,U,,NA,12.3,4.2,3.2,10.2,34.2,26.2,,2.6,0,,15.8,Hand,ALL-01,1PC,Known,7/1/2023,3,N,,N,,,fecal,Fecal: 1371
2023,Alaska,Nome,34 MI,64.81903,-166.03583,7/10/2023,10:00,REKN,ZPohlen,KHunt,2,123233646,,,,,,M,123233646,,,,,,M,,,,,,,R,300,7,L,NF,U,,NA,17.3,5.4,4.7,13.3,41.6,27.5,,17.3,4.2,,40.1,Hand,ALL-01,1PC,Known,7/1/2023,9,N,,N,,,fecal,Fecal: 1442
2023,Alaska,Nome,Feather,64.84146,-165.95891,7/3/2023,14:55,REKN,ZPohlen,KHunt,2,,,,,,,,123233647,,,,,,M,,,,,,,1,318,7,L,NF,U,,NA,11.4,4,3,9,33.3,25.7,,0.2,0,,12.8,Hand,T-05,1NN,Known,7/2/2023,1,Y,Down,Y,filter,DNA,,
2023,Alaska,Nome,Feather,64.84706,-165.94743,7/6/2023,11:50,REKN,ZPohlen,KHunt,2,123233647,,,,,,M,123233647,,,,,,M,,,,,,,R,300,7,L,NF,U,,NA,14.5,4.6,3.6,10.5,36.5,27.6,,2.4,0,,18.5,Hand,T-05,1NN/1PN,Known,7/2/2023,4,N,,N,,,fecal,Fecal: 1405; originally brood 1NN but adopted by 1PN
2023,Alaska,Nome,Feather,64.84146,-165.95891,7/3/2023,14:55,REKN,ZPohlen,KHunt,2,,,,,,,,123233648,,,,,,M,,,,,,,1,318,7,L,NF,U,,NA,11.6,4.2,3.3,9.8,31.5,27,,0.2,0,,13.2,Hand,T-05,1NN,Known,7/2/2023,1,Y,Down,Y,filter,DNA,fecal,Fecal: 1212
2023,Alaska,Nome,Feather,64.84224,-165.94943,7/6/2023,11:15,REKN,ZPohlen,KHunt,2,123233648,,,,,,M,123233648,,,,,,M,,,,,,,R,300,7,L,NF,U,,NA,14.8,4.7,4,11.2,37.7,28.1,,5.5,0,,23.3,Hand,T-05,1NN,Known,7/2/2023,4,N,,N,,,fecal,Fecal: 1398
2023,Alaska,Nome,Feather,64.84620,-165.94685,7/12/2023,16:35,REKN,ZPohlen,KHunt,2,123233648,,,,,,M,123233648,,,,,,M,,,,,,,R,300,7,L,NF,U,,NA,19.3,5.9,4.6,14.6,45,30,,26.3,8.7,,56,Hand,T-05,1NN,Known,7/2/2023,10,N,,N,,,fecal,"Fecal: 1471, Adult 1NN fecal: 1470"
2023,Alaska,Nome,Feather,64.84522,-165.95093,7/16/2023,13:21,REKN,ZPohlen,CGesmundo,2,123233648,,,,,,M,123233648,,,,,,M,,,,,,,R,300,7,L,NF,U,,NA,20.6,5.9,4.7,15.6,47.9,30.9,,45.3,23.1,,74.3,Hand,T-05,1NN,Known,7/2/2023,14,Y,Back,N,,,fecal,Fecal: 1483
2023,Alaska,Nome,Feather,64.84862,-165.94324,7/22/2023,18:40,REKN,ZPohlen,CGesmundo,2,123233648,,,,,,M,123233648,FEDG,1TL,FEDG,,,M,,,,,,,R,369,7,L,NF,U,,NA,24.4,6.7,4.9,18.5,53.4,32.9,,73.7,53,,106,Mist,T-05,1NN,Known,7/2/2023,20,Y,S4,N,,,fecal,Fecal: 1501
2023,Alaska,Nome,Feather,64.84146,-165.95891,7/3/2023,14:55,REKN,ZPohlen,KHunt,2,,,,,,,,123233649,,,,,,M,,,,,,,1,318,7,L,NF,U,,NA,10.5,4,3,9,31.9,26.2,,1.1,0,,12.3,Hand,T-05,1NN,Known,7/2/2023,1,Y,Down,Y,filter,DNA,fecal,Fecal: 1213
2023,Alaska,Nome,Feather,64.84224,-165.94943,7/6/2023,11:15,REKN,ZPohlen,KHunt,2,123233649,,,,,,M,123233649,,,,,,M,,,,,,,R,300,7,L,NF,U,,NA,13.7,4.7,3.8,11,37,27.1,,4.5,0,,21.5,Hand,T-05,1NN,Known,7/2/2023,4,N,,N,,,fecal,"Fecal: 1396, 1397"
2023,Alaska,Nome,Feather,64.84620,-165.94685,7/12/2023,16:35,REKN,ZPohlen,KHunt,2,123233649,,,,,,M,123233649,,,,,,M,,,,,,,R,300,7,L,NF,U,,NA,17.6,5.5,4.6,13.7,44.1,29.1,,26.1,7.6,,52.2,Hand,T-05,1NN,Known,7/2/2023,10,N,,N,,,fecal,"Fecal: 1469, Adult 1NN fecal: 1470"
2023,Alaska,Nome,Feather,64.84522,-165.95093,7/16/2023,13:21,REKN,ZPohlen,CGesmundo,2,123233649,,,,,,M,123233649,,,,,,M,,,,,,,R,300,7,L,NF,U,,NA,19.3,5.9,4.7,15.1,47.2,30.2,,45.1,21.6,,69.5,Hand,T-05,1NN,Known,7/2/2023,14,Y,Back,N,,,fecal,Fecal: 1484
2023,Alaska,Nome,Feather,64.84862,-165.94324,7/22/2023,18:40,REKN,ZPohlen,CGesmundo,2,123233649,,,,,,M,123233649,FEDG,1TM,FEDG,,,M,,,,,,,R,369,7,L,NF,U,,NA,22.7,6,5,17,51.7,32.2,,73.9,53.4,,89.3,Mist,T-05,1NN,Known,7/2/2023,20,Y,S4,N,,,,
2023,Alaska,Nome,Feather,64.84146,-165.95891,7/3/2023,14:55,REKN,ZPohlen,KHunt,2,,,,,,,,123233650,,,,,,M,,,,,,,1,318,7,L,NF,U,,NA,11.1,3.9,3.1,8.9,32.8,26.2,,0.3,0,,13,Hand,T-05,1NN,Known,7/2/2023,1,Y,Down,Y,filter,DNA,fecal,Fecal: 1214
2023,Alaska,Nome,Feather,64.84706,-165.94743,7/6/2023,11:50,REKN,ZPohlen,KHunt,2,123233650,,,,,,M,123233650,,,,,,M,,,,,,,R,300,7,L,NF,U,,NA,14.1,4.4,3.8,10.9,36.4,27.2,,3.1,0,,20.3,Hand,T-05,1NN/1PN,Known,7/2/2023,4,N,,N,,,fecal,"Fecal: 1399, 1401; originally brood 1NN but adopted by 1PN"
2023,Alaska,Nome,34 MI,64.82364,-166.03580,7/4/2023,9:55,REKN,ZPohlen,KHunt,2,,,,,,,,123233651,,,,,,M,,,,,,,1,318,7,L,NF,U,,NA,11.2,4,3.2,9,31.5,27.2,,0.2,0,,14.9,Hand,A-02,1MY,Known,7/4/2023,0,Y,Down,Y,filter,DNA,,
2023,Alaska,Nome,34 MI,64.82379,-166.03838,7/7/2023,16:38,REKN,ZPohlen,KHunt,2,123233651,,,,,,M,123233651,,,,,,M,,,,,,,R,300,7,L,NF,U,,NA,14.7,4.8,3.7,11.3,36.6,27.7,,4.3,0,,20.3,Hand,A-02,1MY,Known,7/4/2023,3,N,,N,,,fecal,Fecal: 1419
2023,Alaska,Nome,34 MI,64.82402,-166.03858,7/10/2023,9:16,REKN,ZPohlen,KHunt,2,123233651,,,,,,M,123233651,,,,,,M,,,,,,,R,300,7,L,NF,U,,NA,15.7,5,3.8,12.4,39.8,28.2,,8.8,0,,25.4,Hand,A-02,1MY,Known,7/4/2023,6,N,,N,,,fecal,Fecal: 1439
2023,Alaska,Nome,34 MI,64.82343,-166.03942,7/16/2023,9:24,REKN,ZPohlen,CGesmundo,2,123233651,,,,,,M,123233651,,,,,,M,,,,,,,R,300,7,L,NF,U,,NA,19.1,5.1,4.1,14.4,45.4,29.5,,31.1,13,,53.3,Hand,A-02,1MY,Known,7/4/2023,12,Y,Back,N,,,fecal,Fecal: 1482
2023,Alaska,Nome,34 MI,64.82256,-166.03355,7/18/2023,8:29,REKN,ZPohlen,CGesmundo,2,123233651,,,,,,M,123233651,,,,,,M,,,,,,,R,300,7,L,NF,U,,NA,20.1,5.5,4.4,15.2,46.8,30.3,,40.5,20.2,,64.2,Hand,A-02,1MY,Known,7/4/2023,14,N,,N,,,fecal,Fecal: 1486
2023,Alaska,Nome,34 MI,64.82609,-166.03692,7/21/2023,17:17,REKN,ZPohlen,CGesmundo,2,123233651,,,,,,M,123233651,,,,,,M,,,,,,,R,300,7,L,NF,U,,NA,21.3,5.7,4.4,15.9,49,31.5,,57.6,33.9,,74.5,Hand,A-02,1MY,Known,7/4/2023,17,N,,N,,,fecal,Fecal: 1504
2023,Alaska,Nome,34 MI,64.82364,-166.03580,7/4/2023,9:55,REKN,ZPohlen,KHunt,2,,,,,,,,123233652,,,,,,M,,,,,,,1,318,7,L,NF,U,,NA,11.8,3.9,3.2,9,30.4,26.3,,0.1,0,,14.9,Hand,A-02,1MY,Known,7/4/2023,0,Y,Down,Y,filter,DNA,,
2023,Alaska,Nome,34 MI,64.82379,-166.03838,7/7/2023,16:38,REKN,ZPohlen,KHunt,2,123233652,,,,,,M,123233652,,,,,,M,,,,,,,R,300,7,L,NF,U,,NA,13.1,4.7,3.6,10.9,36.5,27.8,,3.2,0,,19.4,Hand,A-02,1MY,Known,7/4/2023,3,N,,N,,,fecal,Fecal: 1420
2023,Alaska,Nome,34 MI,64.82402,-166.03858,7/10/2023,9:16,REKN,ZPohlen,KHunt,2,123233652,,,,,,M,123233652,,,,,,M,,,,,,,R,300,7,L,NF,U,,NA,15.1,4.8,3.9,12.1,38.7,27.7,,7.4,0,,24,Hand,A-02,1MY,Known,7/4/2023,6,N,,N,,,fecal,Fecal: 1436
2023,Alaska,Nome,34 MI,64.82343,-166.03942,7/16/2023,9:24,REKN,ZPohlen,CGesmundo,2,123233652,,,,,,M,123233652,,,,,,M,,,,,,,R,300,7,L,NF,U,,NA,18.1,5.4,4.2,13.9,44.6,30.1,,27.8,10.7,,53.5,Hand,A-02,1MY,Known,7/4/2023,12,Y,Back,N,,,fecal,Fecal: 1480
2023,Alaska,Nome,34 MI,64.82256,-166.03355,7/18/2023,8:29,REKN,ZPohlen,CGesmundo,2,123233652,,,,,,M,123233652,,,,,,M,,,,,,,R,300,7,L,NF,U,,NA,20.1,5.9,4.2,14.8,46.7,30.2,,38.7,19.1,,62.6,Hand,A-02,1MY,Known,7/4/2023,14,N,,N,,,fecal,Fecal: 1487
2023,Alaska,Nome,34 MI,64.82609,-166.03692,7/21/2023,17:17,REKN,ZPohlen,CGesmundo,2,123233652,,,,,,M,123233652,,,,,,M,,,,,,,R,300,7,L,NF,U,,NA,21.5,5.9,4.5,15.7,48.7,31.5,,55.6,23.8,,70.4,Hand,A-02,1MY,Known,7/4/2023,17,N,,N,,,fecal,Fecal: 1506
2023,Alaska,Nome,34 MI,64.82364,-166.03580,7/4/2023,9:55,REKN,ZPohlen,KHunt,2,,,,,,,,123233653,,,,,,M,,,,,,,1,318,7,L,NF,U,,NA,11.3,3.8,3.1,8.9,31.5,27.4,,0.1,0,,14.4,Hand,A-02,1MY,Known,7/4/2023,0,Y,Down,Y,filter,DNA,,
2023,Alaska,Nome,34 MI,64.82379,-166.03838,7/7/2023,16:38,REKN,ZPohlen,KHunt,2,123233653,,,,,,M,123233653,,,,,,M,,,,,,,R,300,7,L,NF,U,,NA,13.3,4.5,3.6,11,36.4,28,,3.1,0,,20.1,Hand,A-02,1MY,Known,7/4/2023,3,N,,N,,,fecal,Fecal: 1418
2023,Alaska,Nome,34 MI,64.82402,-166.03858,7/10/2023,9:16,REKN,ZPohlen,KHunt,2,123233653,,,,,,M,123233653,,,,,,M,,,,,,,R,300,7,L,NF,U,,NA,14.9,4.7,3.8,12,38.8,28.1,,7.1,0,,24,Hand,A-02,1MY,Known,7/4/2023,6,N,,N,,,fecal,Fecal: 1438
2023,Alaska,Nome,34 MI,64.82364,-166.03580,7/4/2023,9:55,REKN,ZPohlen,KHunt,2,,,,,,,,123233654,,,,,,M,,,,,,,1,318,7,L,NF,U,,NA,11.2,3.9,3.1,9,31.5,25.8,,0.1,0,,14.5,Hand,A-02,1MY,Known,7/4/2023,0,Y,Down,Y,filter,DNA,,
2023,Alaska,Nome,34 MI,64.82379,-166.03838,7/7/2023,16:38,REKN,ZPohlen,KHunt,2,123233654,,,,,,M,123233654,,,,,,M,,,,,,,R,300,7,L,NF,U,,NA,13.7,4.5,3.6,10.8,36.7,26.8,,5.2,0,,21.3,Hand,A-02,1MY,Known,7/4/2023,3,N,,N,,,fecal,Fecal: 1417
2023,Alaska,Nome,34 MI,64.82402,-166.03858,7/10/2023,9:16,REKN,ZPohlen,KHunt,2,123233654,,,,,,M,123233654,,,,,,M,,,,,,,R,300,7,L,NF,U,,NA,16.1,4.9,3.7,11.9,39.4,27.3,,11,1.6,,26.7,Hand,A-02,1MY,Known,7/4/2023,6,N,,N,,,fecal,Fecal: 1437
2023,Alaska,Nome,34 MI,64.82343,-166.03942,7/16/2023,9:24,REKN,ZPohlen,CGesmundo,2,123233654,,,,,,M,123233654,,,,,,M,,,,,,,R,300,7,L,NF,U,,NA,17.7,5.1,4,13.5,45.3,29.5,,36.2,12.4,,59,Hand,A-02,1MY,Known,7/4/2023,12,Y,Back,N,,,fecal,Fecal: 1481
2023,Alaska,Nome,34 MI,64.82609,-166.03692,7/21/2023,17:17,REKN,ZPohlen,CGesmundo,2,123233654,,,,,,M,123233654,,,,,,M,,,,,,,R,300,7,L,NF,U,,NA,20.8,6.1,4.2,15.8,48.3,30.3,,62.7,29.3,,77.8,Hand,A-02,1MY,Known,7/4/2023,17,N,,N,,,fecal,Fecal: 1505
2023,Alaska,Nome,34 MI,64.82463,-166.03568,7/23/2023,13:11,REKN,ZPohlen,CGesmundo,2,123233654,,,,,,M,123233654,,,,,,M,,,,,,,R,300,7,L,NF,U,,NA,21.5,6.2,4.4,16.2,49.9,30.3,,70.5,50.6,,85.6,Hand,A-02,1MY,Known,7/4/2023,19,N,,N,,,,
2023,Alaska,Nome,37 MI,64.84563,-166.08494,7/5/2023,13:55,REKN,ZPohlen,KHunt,2,,,,,,,,123233655,,,,,,M,,,,,,,1,318,7,L,NF,U,,NA,12.3,4.1,3.3,9.6,34.1,25.7,,2.5,0,,13.5,Hand,,1KU,Estimated,7/3/2023,2,Y,Down,Y,filter,DNA,fecal,Fecal: 1390
2023,Alaska,Nome,37 MI,64.84950,-166.09150,7/8/2023,10:05,REKN,ZPohlen,KHunt,2,123233655,,,,,,M,123233655,,,,,,M,,,,,,,R,300,7,L,NF,U,,NA,14.8,4.7,3.5,11.3,38.1,27.4,,6,0,,25.1,Hand,,1KU,Estimated,7/3/2023,5,N,,N,,,fecal,Fecal: 1431
2023,Alaska,Nome,37 MI,64.84661,-166.08843,7/11/2023,9:41,REKN,ZPohlen,KHunt,2,123233655,,,,,,M,123233655,,,,,,M,,,,,,,R,300,7,L,NF,U,,NA,17.1,5,4,12.6,41.2,26.9,,14.4,1.5,,39,Hand,,1KU,Estimated,7/3/2023,8,N,,N,,,fecal,Fecal: 1448
2023,Alaska,Nome,37 MI,64.84526,-166.08523,7/15/2023,13:21,REKN,ZPohlen,CGesmundo,2,123233655,,,,,,M,123233655,,,,,,M,,,,,,,R,300,7,L,NF,U,,NA,19,5.3,4.1,13.8,44.9,28.5,,31.1,10.7,,53.3,Hand,,1KU,Estimated,7/3/2023,12,N,,N,,,fecal,Fecal: 1474
2023,Alaska,Nome,37 MI,64.84230,-166.08477,7/18/2023,20:38,REKN,ZPohlen,CGesmundo,2,123233655,,,,,,M,123233655,,,,,,M,,,,,,,R,300,7,L,NF,U,,NA,20.8,5.7,4.2,15.3,47.7,29.4,,49.9,27.5,,72,Hand,,1KU,Estimated,7/3/2023,15,N,,N,,,fecal,Fecal: 1351
2023,Alaska,Nome,37 MI,64.85134,-166.08759,7/21/2023,19:14,REKN,ZPohlen,CGesmundo,2,123233655,,,,,,M,123233655,,,,,,M,,,,,,,R,300,7,L,NF,U,,NA,22.5,6,4.3,15.6,50.1,30.5,,60.7,38.2,,82.5,Hand,,1KU,Estimated,7/3/2023,18,Y,S4,N,,,fecal,Fecal: 1503
2023,Alaska,Nome,37 MI,64.84563,-166.08494,7/5/2023,13:55,REKN,ZPohlen,KHunt,2,,,,,,,,123233656,,,,,,M,,,,,,,1,318,7,L,NF,U,,NA,12.4,3.9,3.5,10.2,34,26.6,,2.6,0,,14.8,Hand,,1KU,Estimated,7/3/2023,2,Y,Down,Y,filter,DNA,fecal,Fecal: 1391
2023,Alaska,Nome,37 MI,64.84950,-166.09150,7/8/2023,10:05,REKN,ZPohlen,KHunt,2,123233656,,,,,,M,123233656,,,,,,M,,,,,,,R,300,7,L,NF,U,,NA,15.8,4.6,3.7,11.5,38.6,27.4,,8.2,0,,28.1,Hand,,1KU,Estimated,7/3/2023,5,N,,N,,,fecal,Fecal: 1432
2023,Alaska,Nome,37 MI,64.84661,-166.08843,7/11/2023,9:41,REKN,ZPohlen,KHunt,2,123233656,,,,,,M,123233656,,,,,,M,,,,,,,R,300,7,L,NF,U,,NA,17.1,5.1,4.1,13.2,41.9,28.4,,18.1,2.7,,43.9,Hand,,1KU,Estimated,7/3/2023,8,N,,N,,,fecal,Fecal: 1447
2023,Alaska,Nome,37 MI,64.84563,-166.08494,7/5/2023,13:55,REKN,ZPohlen,KHunt,2,,,,,,,,123233657,,,,,,M,,,,,,,1,318,7,L,NF,U,,NA,13.5,4.4,3.5,10.5,34.4,26.7,,2.1,0,,14.2,Hand,,1KU,Estimated,7/3/2023,2,Y,Down,Y,filter,DNA,fecal,Fecal: 1392
2023,Alaska,Nome,37 MI,64.84950,-166.09150,7/8/2023,10:05,REKN,ZPohlen,KHunt,2,123233657,,,,,,M,123233657,,,,,,M,,,,,,,R,300,7,L,NF,U,,NA,15.8,5,3.8,12.2,39.2,27.1,,7.3,0,,27.3,Hand,,1KU,Estimated,7/3/2023,5,N,,N,,,fecal,Fecal: 1433
2023,Alaska,Nome,37 MI,64.84661,-166.08843,7/11/2023,9:41,REKN,ZPohlen,KHunt,2,123233657,,,,,,M,123233657,,,,,,M,,,,,,,R,300,7,L,NF,U,,NA,18.1,5.4,4.3,13.8,42.6,28.5,,16.2,1.5,,43.1,Hand,,1KU,Estimated,7/3/2023,8,N,,N,,,fecal,Fecal: 1449
2023,Alaska,Nome,37 MI,64.84526,-166.08523,7/15/2023,13:21,REKN,ZPohlen,CGesmundo,2,123233657,,,,,,M,123233657,,,,,,M,,,,,,,R,300,7,L,NF,U,,NA,19.8,5.6,4.3,14.9,46.2,29.2,,33.6,13,,56.4,Hand,,1KU,Estimated,7/3/2023,12,N,,N,,,fecal,Fecal: 1473
2023,Alaska,Nome,37 MI,64.84230,-166.08477,7/18/2023,20:38,REKN,ZPohlen,CGesmundo,2,123233657,,,,,,M,123233657,,,,,,M,,,,,,,R,300,7,L,NF,U,,NA,22.2,6.1,4.3,16.2,49.4,30.7,,49.3,28.5,,78.1,Hand,,1KU,Estimated,7/3/2023,15,N,,N,,,,
2023,Alaska,Nome,37 MI,64.85134,-166.08759,7/21/2023,19:14,REKN,ZPohlen,CGesmundo,2,123233657,,,,,,M,123233657,,,,,,M,,,,,,,R,300,7,L,NF,U,,NA,23.4,6.1,4.5,17,51.3,31.5,,64.9,40.8,,97,Hand,,1KU,Estimated,7/3/2023,18,Y,S4,N,,,fecal,Fecal: 1502
2023,Alaska,Nome,37 MI,64.84563,-166.08494,7/5/2023,13:55,REKN,ZPohlen,KHunt,2,,,,,,,,123233658,,,,,,M,,,,,,,1,318,7,L,NF,U,,NA,12.2,4.2,3.2,9.6,33.9,27.6,,2,0,,14.8,Hand,,1KU,Estimated,7/3/2023,2,Y,Down,Y,filter,DNA,,
2023,Alaska,Nome,37 MI,64.84950,-166.09150,7/8/2023,10:05,REKN,ZPohlen,KHunt,2,123233658,,,,,,M,123233658,,,,,,M,,,,,,,R,300,7,L,NF,U,,NA,14.5,4.6,3.6,11,37.7,28,,8.7,0,,28.5,Hand,,1KU,Estimated,7/3/2023,5,N,,N,,,fecal,"Fecal: 1434, 1435"
2023,Alaska,Nome,37 MI,64.84661,-166.08843,7/11/2023,9:41,REKN,ZPohlen,KHunt,2,123233658,,,,,,M,123233658,,,,,,M,,,,,,,R,300,7,L,NF,U,,NA,17,5,4,12.2,41.3,28.9,,19.1,2.7,,44.6,Hand,,1KU,Estimated,7/3/2023,8,N,,N,,,fecal,Fecal: 1446
2023,Alaska,Nome,37 MI,64.84526,-166.08523,7/15/2023,13:21,REKN,ZPohlen,CGesmundo,2,123233658,,,,,,M,123233658,,,,,,M,,,,,,,R,300,7,L,NF,U,,NA,18,5.6,4.2,13.3,45.1,30.2,,36.5,12.4,,58.6,Hand,,1KU,Estimated,7/3/2023,12,N,,N,,,fecal,Fecal: 1472
2023,Alaska,Nome,37 MI,64.84230,-166.08477,7/18/2023,20:38,REKN,ZPohlen,CGesmundo,2,123233658,,,,,,M,123233658,,,,,,M,,,,,,,R,300,7,L,NF,U,,NA,20.2,5.8,4.5,15,48.3,31.8,,55.6,30.7,,78.1,Hand,,1KU,Estimated,7/3/2023,15,N,,N,,,,
2023,Alaska,Nome,Feather,64.84706,-165.94743,7/6/2023,11:50,REKN,ZPohlen,KHunt,2,,,,,,,,123233660,,,,,,M,,,,,,,1,318,7,L,NF,U,,NA,13.4,4.8,3.3,10.5,35.1,28.3,,2.8,0,,17.9,Hand,,1PN,Estimated,7/3/2023,3,Y,Down,Y,filter,DNA,fecal,Fecal: 1402
2023,Alaska,Nome,Feather,64.84706,-165.94743,7/6/2023,11:50,REKN,ZPohlen,KHunt,2,,,,,,,,123233661,,,,,,M,,,,,,,1,318,7,L,NF,U,,NA,13.7,4.5,3.8,10.6,35.6,27.8,,2.5,0,,18.6,Hand,,1PN,Estimated,7/3/2023,3,Y,Down,Y,filter,DNA,fecal,Fecal: 1403
2023,Alaska,Nome,Feather,64.84706,-165.94743,7/6/2023,11:50,REKN,ZPohlen,KHunt,2,,,,,,,,123233662,,,,,,M,,,,,,,1,318,7,L,NF,U,,NA,13.8,4.5,3.7,10.6,35.8,26.7,,3.7,0,,18.7,Hand,,1PN,Estimated,7/3/2023,3,Y,Down,Y,filter,DNA,fecal,Fecal: 1404
2023,Alaska,Nome,Feather,64.84706,-165.94743,7/6/2023,11:50,REKN,ZPohlen,KHunt,2,,,,,,,,123233663,,,,,,M,,,,,,,1,318,7,L,NF,U,,NA,14.8,4.6,3.7,11,36,28.2,,4,0,,19.1,Hand,,1PN,Estimated,7/3/2023,3,Y,Down,Y,filter,DNA,fecal,Fecal: 1405
2023,Alaska,Nome,34 MI,64.81574,-165.99583,7/7/2023,10:55,REKN,ZPohlen,KHunt,2,,,,,,,,123233664,,,,,,M,,,,,,,1,318,7,L,NF,U,,NA,10.7,4.1,3.3,9.3,32.8,25.5,,0.3,0,,13.3,Hand,T-04,1MN,Estimated,7/6/2023,1,Y,Down,Y,filter,DNA,fecal,Fecal: 1409
2023,Alaska,Nome,34 MI,64.81538,-165.92691,7/7/2023,12:20,REKN,ZPohlen,KHunt,2,,,,,,,,123233665,,,,,,M,,,,,,,1,318,7,L,NF,U,,NA,13.4,4.4,3.7,11,36.8,27.7,,4.2,0,,18.4,Hand,,1PP,Estimated,7/5/2023,2,Y,Down,Y,filter,DNA,fecal,Fecal: 1413
2023,Alaska,Nome,34 MI,64.81572,-165.92424,7/11/2023,17:42,REKN,ZPohlen,KHunt,2,123233665,,,,,,M,123233665,,,,,,M,,,,,,,R,300,7,L,NF,U,,NA,16.8,5.2,4.2,13.3,41.1,28.7,,15,3.1,,35.3,Hand,,1PP,Estimated,7/5/2023,6,N,,N,,,fecal,Fecal: 1466
2023,Alaska,Nome,34 MI,64.81756,-165.93160,7/18/2023,11:37,REKN,ZPohlen,CGesmundo,2,123233665,,,,,,M,123233665,,,,,,M,,,,,,,R,300,7,L,NF,U,,NA,19.8,5.7,4.5,15.3,47.1,30.2,,43.6,21.6,,67.5,Hand,,1PP,Estimated,7/5/2023,13,Y,Back,N,,,fecal,Fecal: 1341
2023,Alaska,Nome,34 MI,64.81904,-165.92871,7/23/2023,10:08,REKN,ZPohlen,CGesmundo,2,123233665,,,,,,M,123233665,,,,,,M,,,,,,,R,300,7,L,NF,U,,NA,22.1,5.7,4.5,17.1,51.1,30.9,,67.2,44.3,,86.5,Hand,,1PP,Estimated,7/5/2023,18,Y,S4,N,,,fecal,Fecal: 1354
2023,Alaska,Nome,34 MI,64.81538,-165.92691,7/7/2023,12:20,REKN,ZPohlen,KHunt,2,,,,,,,,123233666,,,,,,M,,,,,,,1,318,7,L,NF,U,,NA,12.8,4.1,3.5,9.6,35.6,25.5,,4.2,0,,16.4,Hand,,1PP,Estimated,7/5/2023,2,Y,Down,Y,filter,DNA,fecal,Fecal: 1412
2023,Alaska,Nome,34 MI,64.81572,-165.92424,7/11/2023,17:42,REKN,ZPohlen,KHunt,2,123233666,,,,,,M,123233666,,,,,,M,,,,,,,R,300,7,L,NF,U,,NA,15.6,4.6,3.7,12,40.1,26.6,,13.2,3.5,,31.9,Hand,,1PP,Estimated,7/5/2023,6,N,,N,,,fecal,Fecal: 1467
2023,Alaska,Nome,34 MI,64.81756,-165.93160,7/18/2023,11:37,REKN,ZPohlen,CGesmundo,2,123233666,,,,,,M,123233666,,,,,,M,,,,,,,R,300,7,L,NF,U,,NA,20.1,5.3,4.1,14.7,47.2,28.9,,42.2,22,,62.5,Hand,,1PP,Estimated,7/5/2023,13,Y,Back,N,,,fecal,Fecal: 1343
2023,Alaska,Nome,34 MI,64.81904,-165.92871,7/23/2023,10:08,REKN,ZPohlen,CGesmundo,2,123233666,,,,,,M,123233666,,,,,,M,,,,,,,R,300,7,L,NF,U,,NA,22,5.6,4.1,15.6,49.4,30,,65.9,44.1,,82.4,Hand,,1PP,Estimated,7/5/2023,18,Y,S4,N,,,fecal,Fecal: 1353
2023,Alaska,Nome,34 MI,64.81538,-165.92691,7/7/2023,12:20,REKN,ZPohlen,KHunt,2,,,,,,,,123233667,,,,,,M,,,,,,,1,318,7,L,NF,U,,NA,12,4.2,3.7,10.3,35.2,25.5,,3,0,,16.9,Hand,,1PP,Estimated,7/5/2023,2,Y,Down,Y,filter,DNA,fecal,Fecal: 1411
2023,Alaska,Nome,34 MI,64.81572,-165.92424,7/11/2023,17:42,REKN,ZPohlen,KHunt,2,123233667,,,,,,M,123233667,,,,,,M,,,,,,,R,300,7,L,NF,U,,NA,14.7,4.6,4,11.9,40.1,27,,11.9,1.6,,32.4,Hand,,1PP,Estimated,7/5/2023,6,N,,N,,,fecal,Fecal: 1468
2023,Alaska,Nome,34 MI,64.81756,-165.93160,7/18/2023,11:37,REKN,ZPohlen,CGesmundo,2,123233667,,,,,,M,123233667,,,,,,M,,,,,,,R,300,7,L,NF,U,,NA,19,5.8,4.3,14.4,46.9,28.8,,38.7,19.6,,68,Hand,,1PP,Estimated,7/5/2023,13,Y,Back,N,,,fecal,Fecal: 1342
2023,Alaska,Nome,34 MI,64.81904,-165.92871,7/23/2023,10:08,REKN,ZPohlen,CGesmundo,2,123233667,,,,,,M,123233667,,,,,,M,,,,,,,R,300,7,L,NF,U,,NA,21.3,6,4.6,16.2,50.6,30.1,,62.2,41.3,,88.1,Hand,,1PP,Estimated,7/5/2023,18,Y,S4,N,,,fecal,Fecal: 1355
2023,Alaska,Nome,34 MI,64.81538,-165.92691,7/7/2023,12:20,REKN,ZPohlen,KHunt,2,,,,,,,,123233668,,,,,,M,,,,,,,1,318,7,L,NF,U,,NA,12.4,4.2,3.6,9.8,35.3,25.6,,4.1,0,,18.2,Hand,,1PP,Estimated,7/5/2023,2,Y,Down,Y,filter,DNA,fecal,Fecal: 1410
2023,Alaska,Nome,34 MI,64.81572,-165.92424,7/11/2023,17:42,REKN,ZPohlen,KHunt,2,123233668,,,,,,M,123233668,,,,,,M,,,,,,,R,300,7,L,NF,U,,NA,15.3,4.9,4.2,11.7,39.7,27,,14,3.5,,35,Hand,,1PP,Estimated,7/5/2023,6,N,,N,,,fecal,Fecal: 1465
2023,Alaska,Nome,34 MI,64.81756,-165.93160,7/18/2023,11:37,REKN,ZPohlen,CGesmundo,2,123233668,,,,,,M,123233668,,,,,,M,,,,,,,R,300,4,L,NF,U,,NA,19.1,5.6,4.4,14.3,46.2,29.2,,43.3,23.5,,67.1,Hand,,1PP,Estimated,7/5/2023,13,Y,Back,N,,,fecal,"Fecal: 1344, Chick died in lunchbox, unsure what caused death. Chicks located far away from eachother during capture"
2023,Alaska,Nome,34 MI,64.81614,-165.93060,7/7/2023,14:00,REKN,ZPohlen,KHunt,2,,,,,,,,123233670,,,,,,M,,,,,,,1,318,7,L,NF,U,,NA,12.7,4.2,3.2,10.2,34.2,26,,0.3,0,,14.3,Hand,,1PT,Estimated,7/6/2023,1,Y,Down,Y,filter,DNA,fecal,Fecal: 1415
2023,Alaska,Nome,34 MI,64.81617,-165.92765,7/11/2023,17:11,REKN,ZPohlen,KHunt,2,123233670,,,,,,M,123233670,,,,,,M,,,,,,,R,300,7,L,NF,U,,NA,15.6,5.1,3.9,12.1,40,27.5,,8.6,1.5,,28.6,Hand,,1PT,Estimated,7/6/2023,5,N,,N,,,fecal,"Fecal: 1462, Adult 1PT fecal: 1461"
2023,Alaska,Nome,34 MI,64.81734,-165.95676,7/18/2023,10:20,REKN,ZPohlen,CGesmundo,2,123233670,,,,,,M,123233670,,,,,,M,,,,,,,R,300,7,L,NF,U,,NA,19.3,5.6,4.2,14.9,46.6,29.7,,36,14.5,,61.3,Hand,,1PT,Estimated,7/6/2023,12,Y,Back,N,,,fecal,Fecal: 1488
2023,Alaska,Nome,34 MI,64.81723,-165.95895,7/23/2023,9:04,REKN,ZPohlen,CGesmundo,2,123233670,,,,,,M,123233670,,,,,,M,,,,,,,R,300,7,L,NF,U,,NA,21.5,5.7,4.5,16.2,50,30.6,,60.8,32.5,,84.7,Hand,,1PT,Estimated,7/6/2023,17,Y,S4,N,,,fecal,Fecal: 1352
2023,Alaska,Nome,34 MI,64.81614,-165.93060,7/7/2023,14:00,REKN,ZPohlen,KHunt,2,,,,,,,,123233671,,,,,,M,,,,,,,1,318,7,L,NF,U,,NA,12.5,4.2,3.6,10,33,26.2,,0.3,0,,13.9,Hand,,1PT,Estimated,7/6/2023,1,Y,Down,Y,filter,DNA,fecal,Fecal: 1414
2023,Alaska,Nome,34 MI,64.81617,-165.92765,7/11/2023,17:11,REKN,ZPohlen,KHunt,2,123233671,,,,,,M,123233671,,,,,,M,,,,,,,R,300,7,L,NF,U,,NA,15.4,4.8,3.9,11.9,38.6,26.5,,7.6,0.8,,26.4,Hand,,1PT,Estimated,7/6/2023,5,N,,N,,,fecal,"Fecal: 1464, Adult 1PT fecal: 1461"
2023,Alaska,Nome,34 MI,64.81734,-165.95676,7/18/2023,10:20,REKN,ZPohlen,CGesmundo,2,123233671,,,,,,M,123233671,,,,,,M,,,,,,,R,300,7,L,NF,U,,NA,20.2,5.5,4.4,15.1,45.9,29.2,,32.2,14,,57.7,Hand,,1PT,Estimated,7/6/2023,12,Y,Back,N,,,fecal,Fecal: 1489
2023,Alaska,Nome,34 MI,64.81614,-165.93060,7/7/2023,14:00,REKN,ZPohlen,KHunt,2,,,,,,,,123233672,,,,,,M,,,,,,,1,318,7,L,NF,U,,NA,12.6,4.2,3.3,9.9,33.5,26.5,,0.2,0,,13.9,Hand,,1PT,Estimated,7/6/2023,1,Y,Down,Y,filter,DNA,fecal,Fecal: 1416
2023,Alaska,Nome,34 MI,64.81617,-165.92765,7/11/2023,17:11,REKN,ZPohlen,KHunt,2,123233672,,,,,,M,123233672,,,,,,M,,,,,,,R,300,7,L,NF,U,,NA,15.7,4.9,3.9,11.5,38.4,27.5,,6.9,0,,24.9,Hand,,1PT,Estimated,7/6/2023,5,N,,N,,,fecal,"Fecal: 1463, Adult 1PT fecal: 1461"
2023,Alaska,Nome,37 MI,64.84628,-166.08137,6/21/2023,10:15,REKN,ZPohlen,KHunt,2,,,,,,,,129232188,,,,,,M,,,,,,,1,318,7,L,NF,U,,NA,13,4.2,3.3,9.8,33.1,27.3,,1.2,0,,14.6,Hand,A-01,1MP,Known,6/20/2023,1,Y,Down,Y,filter,DNA,,
2023,Alaska,Nome,37 MI,64.84514,-166.08385,6/24/2023,11:28,REKN,ZPohlen,KHunt,2,129232188,,,,,,M,129232188,,,,,,M,,,,,,,R,300,7,L,NF,U,,NA,14.7,4.8,4.1,11.9,38.1,28,,5.6,0,,22.8,Hand,A-01,1MP,Known,6/20/2023,4,N,,N,,,fecal,Fecal: 1219
2023,Alaska,Nome,37 MI,64.84470,-166.08452,6/26/2023,13:42,REKN,ZPohlen,KHunt,2,129232188,,,,,,M,129232188,,,,,,M,,,,,,,R,300,7,L,NF,U,,NA,16.8,5.4,4.3,13.2,39.1,28.7,,10.5,1.8,,35.7,Hand,A-01,1MP,Known,6/20/2023,6,N,,N,,,fecal,Fecal: 1172
2023,Alaska,Nome,37 MI,64.84658,-166.08109,6/29/2023,17:46,REKN,ZPohlen,KHunt,2,129232188,,,,,,M,129232188,,,,,,M,,,,,,,R,300,7,L,NF,U,,NA,19.1,6.3,4.6,14.8,45.3,30.3,,27.1,9.5,,55.9,Hand,A-01,1MP,Known,6/20/2023,9,N,,N,,,fecal,Fecal: 1192
2023,Alaska,Nome,37 MI,64.84535,-166.08385,7/2/2023,11:55,REKN,ZPohlen,KHunt,2,129232188,,,,,,M,129232188,,,,,,M,,,,,,,R,300,7,L,NF,U,,NA,21.7,6.4,4.8,16.8,49.7,31.7,,43.3,19.3,,74.9,Hand,A-01,1MP,Known,6/20/2023,12,Y,Back,N,,,fecal,Fecal: 1205
2023,Alaska,Nome,37 MI,64.84211,-166.08388,7/5/2023,10:45,REKN,ZPohlen,KHunt,2,129232188,,,,,,M,129232188,,,,,,M,,,,,,,R,300,7,L,NF,U,,NA,24.2,6.9,4.9,18.2,52.3,33.2,,57.8,31,,84.9,Hand,A-01,1MP,Known,6/20/2023,15,N,,N,,,fecal,"Fecal: 1377, Adult 1MP fecal sample: 1373"
2023,Alaska,Nome,37 MI,64.82224,-166.03530,7/8/2023,8:45,REKN,ZPohlen,KHunt,2,129232188,,,,,,M,129232188,,,,,,M,,,,,,,R,300,7,L,NF,U,,NA,25.6,7,5,19.3,54.3,33.5,,71.2,47.4,,98.7,Hand,A-01,1MP,Known,6/20/2023,18,N,,N,,,fecal,Fecal: 1422
2023,Alaska,Nome,37 MI,64.83660,-166.08348,7/11/2023,11:49,REKN,ZPohlen,KHunt,2,129232188,,,,,,M,129232188,FEDG,1PU,FEDG,,,M,,,,,,,R,369,7,L,NF,U,,NA,27.5,6.8,5.2,20.1,56,33.5,,85.4,64.6,,100.9,Mist,A-01,1MP,Known,6/20/2023,21,Y,S4,N,,,fecal,"Fecal: 1454, 1455, Adult 1MP fecal: 1456"
2023,Alaska,Nome,37 MI,64.84112,-166.08508,7/15/2023,16:48,REKN,ZPohlen,CGesmundo,2,129232188,FEDG,1PU,FEDG,,,M,129232188,FEDG,1PU,FEDG,,,M,,,,,,,R,369,7,L,NF,U,,NA,29.4,6.9,5.2,21.2,57.8,33.6,,100.6,83.2,,105.7,Mist,A-01,1MP,Known,6/20/2023,25,N,,N,,,fecal,Fecal: 1476
2023,Alaska,Nome,37 MI,64.84628,-166.08137,6/21/2023,10:15,REKN,ZPohlen,KHunt,2,,,,,,,,129232189,,,,,,M,,,,,,,1,318,7,L,NF,U,,NA,12,4.1,3.2,9.4,32.6,25.8,,0.6,0,,14.6,Hand,A-01,1MP,Known,6/20/2023,1,Y,Down,Y,filter,DNA,,
2023,Alaska,Nome,37 MI,64.84514,-166.08385,6/24/2023,11:28,REKN,ZPohlen,KHunt,2,129232189,,,,,,M,129232189,,,,,,M,,,,,,,R,300,7,L,NF,U,,NA,13.8,4.7,3.9,11.1,36.5,27.5,,4.9,0,,20.6,Hand,A-01,1MP,Known,6/20/2023,4,N,,N,,,fecal,Fecal: 1217
2023,Alaska,Nome,37 MI,64.84470,-166.08452,6/26/2023,13:42,REKN,ZPohlen,KHunt,2,129232189,,,,,,M,129232189,,,,,,M,,,,,,,R,300,7,L,NF,U,,NA,15.5,5,4.2,12.5,40.1,28,,11,0,,30.8,Hand,A-01,1MP,Known,6/20/2023,6,N,,N,,,fecal,Fecal: 1174
2023,Alaska,Nome,37 MI,64.84658,-166.08109,6/29/2023,17:46,REKN,ZPohlen,KHunt,2,129232189,,,,,,M,129232189,,,,,,M,,,,,,,R,300,7,L,NF,U,,NA,18.5,6.1,4.5,14.5,44.9,30,,25.2,6.5,,49.3,Hand,A-01,1MP,Known,6/20/2023,9,N,,N,,,fecal,Fecal: 1193
2023,Alaska,Nome,37 MI,64.84535,-166.08385,7/2/2023,11:55,REKN,ZPohlen,KHunt,2,129232189,,,,,,M,129232189,,,,,,M,,,,,,,R,300,7,L,NF,U,,NA,21.3,6.4,4.7,16.4,48.6,31,,40.6,16.5,,67.2,Hand,A-01,1MP,Known,6/20/2023,12,Y,Back,N,,,fecal,Fecal: 1206
2023,Alaska,Nome,37 MI,64.84211,-166.08388,7/5/2023,10:45,REKN,ZPohlen,KHunt,2,129232189,,,,,,M,129232189,,,,,,M,,,,,,,R,300,7,L,NF,U,,NA,24.1,6.4,5.1,17.4,50.7,32,,56.1,31.7,,79.4,Hand,A-01,1MP,Known,6/20/2023,15,N,,N,,,fecal,"Fecal: 1376,  Adult 1MP fecal sample: 1373"
2023,Alaska,Nome,37 MI,64.82224,-166.03530,7/8/2023,8:45,REKN,ZPohlen,KHunt,2,129232189,,,,,,M,129232189,,,,,,M,,,,,,,R,300,7,L,NF,U,,NA,24.9,6.9,5,18.6,53.4,32.7,,69.8,45.2,,95.1,Hand,A-01,1MP,Known,6/20/2023,18,N,,N,,,fecal,Fecal: 1424
2023,Alaska,Nome,37 MI,64.83660,-166.08348,7/11/2023,11:49,REKN,ZPohlen,KHunt,2,129232189,,,,,,M,129232189,FEDG,1PX,FEDG,,,M,,,,,,,R,369,7,L,NF,U,,NA,25.7,6.9,5.1,19.7,55.3,32.8,,82.8,61.8,,99.8,Mist,A-01,1MP,Known,6/20/2023,21,Y,S4,N,,,fecal,"Fecal: 1458, Adult 1MP fecal: 1456"
2023,Alaska,Nome,37 MI,64.84112,-166.08508,7/15/2023,16:48,REKN,ZPohlen,CGesmundo,2,129232189,FEDG,1PX,FEDG,,,M,129232189,FEDG,1PX,FEDG,,,M,,,,,,,R,369,7,L,NF,U,,NA,28,6.9,5.1,21.1,57.7,33.6,,98.1,83.1,,103.3,Mist,A-01,1MP,Known,6/20/2023,25,N,,N,,,fecal,Fecal: 1477
2023,Alaska,Nome,37 MI,64.84628,-166.08137,6/21/2023,10:15,REKN,ZPohlen,KHunt,2,,,,,,,,129232190,,,,,,M,,,,,,,1,318,7,L,NF,U,,NA,13.5,4.4,3.4,10.7,35.1,26.7,,1.3,0,,14.3,Hand,A-01,1MP,Known,6/20/2023,1,Y,Down,Y,filter,DNA,,
2023,Alaska,Nome,37 MI,64.84514,-166.08385,6/24/2023,11:28,REKN,ZPohlen,KHunt,2,129232190,,,,,,M,129232190,,,,,,M,,,,,,,R,300,7,L,NF,U,,NA,14.1,4.7,3.6,12.5,38.8,27.6,,5.1,0,,23.9,Hand,A-01,1MP,Known,6/20/2023,4,N,,N,,,fecal,Fecal: 1218
2023,Alaska,Nome,37 MI,64.84470,-166.08452,6/26/2023,13:42,REKN,ZPohlen,KHunt,2,129232190,,,,,,M,129232190,,,,,,M,,,,,,,R,300,7,L,NF,U,,NA,18.1,5.3,4.1,13.8,42.5,28.3,,10,1.4,,36.2,Hand,A-01,1MP,Known,6/20/2023,6,N,,N,,,fecal,Fecal: 1173
2023,Alaska,Nome,37 MI,64.84658,-166.08109,6/29/2023,17:46,REKN,ZPohlen,KHunt,2,129232190,,,,,,M,129232190,,,,,,M,,,,,,,R,300,7,L,NF,U,,NA,20.8,5.9,4.4,15.7,47.4,30.5,,25,7.3,,57.4,Hand,A-01,1MP,Known,6/20/2023,9,N,,N,,,fecal,Fecal: 1194
2023,Alaska,Nome,37 MI,64.84535,-166.08385,7/2/2023,11:55,REKN,ZPohlen,KHunt,2,129232190,,,,,,M,129232190,,,,,,M,,,,,,,R,300,7,L,NF,U,,NA,23.6,6.6,4.8,17.8,51.7,31.4,,39.7,17.4,,78.7,Hand,A-01,1MP,Known,6/20/2023,12,Y,Back,N,,,fecal,"Fecal: 1203, 1204, S4: 8.8"
2023,Alaska,Nome,37 MI,64.84211,-166.08388,7/5/2023,10:45,REKN,ZPohlen,KHunt,2,129232190,,,,,,M,129232190,,,,,,M,,,,,,,R,300,7,L,NF,U,,NA,25.8,6.3,4.9,19.2,53.4,33.3,,54.6,31.1,,90.2,Hand,A-01,1MP,Known,6/20/2023,15,N,,N,,,fecal,"Fecal: 1374, 1375, S4: 26.2,  Adult 1MP fecal sample: 1373"
2023,Alaska,Nome,37 MI,64.82224,-166.03530,7/8/2023,8:45,REKN,ZPohlen,KHunt,2,129232190,,,,,,M,129232190,,,,,,M,,,,,,,R,300,7,L,NF,U,,NA,28,6.5,5,20,56.9,33.1,,68.2,45.8,,110.5,Hand,A-01,1MP,Known,6/20/2023,18,N,,N,,,fecal,Fecal: 1423
2023,Alaska,Nome,37 MI,64.83660,-166.08348,7/11/2023,11:49,REKN,ZPohlen,KHunt,2,129232190,,,,,,M,129232190,FEDG,1PV,FEDG,,,M,,,,,,,R,369,7,L,NF,U,,NA,29.5,6.4,5,21.7,59,33.7,,81.6,62,,112.7,Mist,A-01,1MP,Known,6/20/2023,21,Y,S4,N,,,fecal,"Fecal: 1457, Adult 1MP fecal: 1456"
2023,Alaska,Nome,37 MI,64.84112,-166.08508,7/15/2023,16:48,REKN,ZPohlen,CGesmundo,2,129232190,FEDG,1PV,FEDG,,,M,129232190,FEDG,1PV,FEDG,,,M,,,,,,,R,369,7,L,NF,U,,NA,31.3,6.8,5.4,22.7,61.1,33.7,,96.7,83.2,,118.2,Mist,A-01,1MP,Known,6/20/2023,25,N,,N,,,fecal,Fecal: 1475
2023,Alaska,Nome,37 MI,64.84805,-166.08647,6/23/2023,7:45,REKN,ZPohlen,KHunt,2,,,,,,,,129232191,,,,,,M,,,,,,,1,318,7,L,NF,U,,NA,11.3,3.8,3.7,9.3,33.1,28.3,,0.7,0,,15.6,Hand,J-02,1MH,Known,6/23/2023,0,Y,Down,Y,filter,DNA,,
2023,Alaska,Nome,37 MI,64.84988,-166.08417,6/26/2023,13:01,REKN,ZPohlen,KHunt,2,129232191,,,,,,M,129232191,,,,,,M,,,,,,,R,300,7,L,NF,U,,NA,13.7,4.6,4.2,11.7,37.2,29.3,,4.4,0,,23,Hand,J-02,1MH,Known,6/23/2023,3,N,,N,,,fecal,Fecal: 1170
2023,Alaska,Nome,37 MI,64.84805,-166.08647,6/23/2023,7:45,REKN,ZPohlen,KHunt,2,,,,,,,,129232192,,,,,,M,,,,,,,1,318,7,L,NF,U,,NA,10.9,3.6,3.2,9,30.5,27,,0.4,0,,16.9,Hand,J-02,1MH,Known,6/23/2023,0,Y,Down,Y,filter,DNA,,
2023,Alaska,Nome,37 MI,64.84988,-166.08417,6/26/2023,13:01,REKN,ZPohlen,KHunt,2,129232192,,,,,,M,129232192,,,,,,M,,,,,,,R,300,7,L,NF,U,,NA,12.8,4.2,3.6,10.4,34.6,27.8,,3.6,0,,17.8,Hand,J-02,1MH,Known,6/23/2023,3,N,,N,,,fecal,"Fecal: 1169, 1171"
2023,Alaska,Nome,37 MI,64.84565,-166.08788,6/29/2023,17:12,REKN,ZPohlen,KHunt,2,129232192,,,,,,M,129232192,,,,,,M,,,,,,,R,300,7,L,NF,U,,NA,14.9,4.8,4,12.1,38.6,29.5,,10.2,2.5,,32,Hand,J-02,1MH,Known,6/23/2023,6,N,,N,,,fecal,Fecal: 1190
2023,Alaska,Nome,37 MI,64.84129,-166.08717,7/2/2023,11:15,REKN,ZPohlen,KHunt,2,129232192,,,,,,M,129232192,,,,,,M,,,,,,,R,300,7,L,NF,U,,NA,16.9,5.6,4.5,13.5,42.2,30.3,,21.2,7.3,,49.5,Hand,J-02,1MH,Known,6/23/2023,9,N,,N,,,fecal,Fecal: 1200
2023,Alaska,Nome,37 MI,64.83983,-166.08142,7/5/2023,12:44,REKN,ZPohlen,KHunt,2,129232192,,,,,,M,129232192,,,,,,M,,,,,,,R,300,7,L,NF,U,,NA,18.6,5.8,4.9,14.6,45.7,31.2,,37.2,28.8,,70.3,Hand,J-02,1MH,Known,6/23/2023,12,Y,Back,N,,,fecal,"Fecal: 1388, 1389, Adult 1MH fecal sample: 1387"
2023,Alaska,Nome,37 MI,64.84421,-166.08313,7/8/2023,9:25,REKN,ZPohlen,KHunt,2,129232192,,,,,,M,129232192,,,,,,M,,,,,,,R,300,7,L,NF,U,,NA,20,5.8,4.8,15.2,48,32.9,,52.6,29.8,,84.7,Hand,J-02,1MH,Known,6/23/2023,15,N,,N,,,fecal,"Fecal: 1428, 1429"
2023,Alaska,Nome,37 MI,64.84106,-166.08638,7/11/2023,10:08,REKN,ZPohlen,KHunt,2,129232192,,,,,,M,129232192,,,,,,M,,,,,,,R,300,7,L,NF,U,,NA,20.9,6.3,4.9,16.2,49.9,32.9,,65,46.8,,95.6,Hand,J-02,1MH,Known,6/23/2023,18,Y,S4,N,,,fecal,"Fecal: 1451, Adult 1MH fecal: 1450"
2023,Alaska,Nome,37 MI,64.84920,-166.08791,7/15/2023,17:55,REKN,ZPohlen,CGesmundo,2,129232192,,,,,,M,129232192,FEDG,1TK,FEDG,,,M,,,,,,,R,369,7,L,NF,U,,NA,23.2,6.5,5,17.6,52.4,33,,82.7,66.1,,96.2,Mist,J-02,1MH,Known,6/23/2023,22,N,,N,,,fecal,Fecal: 1478
2023,Alaska,Nome,37 MI,64.84612,-166.08172,7/18/2023,18:35,REKN,ZPohlen,CGesmundo,2,129232192,FEDG,1TK,FEDG,,,M,129232192,FEDG,1TK,FEDG,,,M,,,,,,,R,369,7,L,NF,U,,NA,24.5,6.5,5,18.5,53.7,33.6,,93,80.6,,108.3,Mist,J-02,1MH,Known,6/23/2023,25,N,,N,,,fecal,Fecal: 1346
2023,Alaska,Nome,37 MI,64.84988,-166.08417,6/23/2023,7:45,REKN,ZPohlen,KHunt,2,,,,,,,,129232193,,,,,,M,,,,,,,1,318,7,L,NF,U,,NA,11.9,4.1,3.3,9.3,31.7,25.9,,0.4,0,,16.1,Hand,J-02,1MH,Known,6/23/2023,0,Y,Down,Y,filter,DNA,,
2023,Alaska,Nome,Tombstone,64.94060,-166.20779,6/23/2023,11:50,REKN,ZPohlen,KHunt,2,,,,,,,,129232195,,,,,,M,,,,,,,1,318,7,L,NF,U,,NA,13.3,4.5,3.8,11.1,35.6,26.9,,3.8,0,,17.7,Hand,,1PL,Estimated,6/20/2023,3,Y,Down,Y,filter,DNA,,
2023,Alaska,Nome,Tombstone,64.93512,-166.20959,6/26/2023,10:11,REKN,ZPohlen,KHunt,2,129232195,,,,,,M,129232195,,,,,,M,,,,,,,R,300,7,L,NF,U,,NA,15.5,4.9,3.8,12.6,39.5,28.5,,11.1,2.1,,27.6,Hand,,1PL,Estimated,6/20/2023,6,N,,N,,,fecal,Fecal: 1163
2023,Alaska,Nome,Tombstone,64.93654,-166.21025,6/29/2023,15:01,REKN,ZPohlen,KHunt,2,129232195,,,,,,M,129232195,,,,,,M,,,,,,,R,300,7,L,NF,U,,NA,17.4,5.5,4.1,13.8,41,29.2,,24,7.5,,45.8,Hand,,1PL,Estimated,6/20/2023,9,N,,N,,,fecal,Fecal: 1182
2023,Alaska,Nome,Tombstone,64.94117,-166.20730,7/2/2023,9:27,REKN,ZPohlen,KHunt,2,129232195,,,,,,M,129232195,,,,,,M,,,,,,,R,300,7,L,NF,U,,NA,19.2,6,4.4,15.7,46.5,30.9,,37.9,15.6,,69.4,Hand,,1PL,Estimated,6/20/2023,12,Y,Back,N,,,fecal,Fecal: 1199
2023,Alaska,Nome,Tombstone,64.93842,-166.21052,7/5/2023,9:29,REKN,ZPohlen,KHunt,2,129232195,,,,,,M,129232195,,,,,,M,,,,,,,R,300,7,L,NF,U,,NA,22,6.2,4.6,16.6,49.1,31.7,,54.4,32.6,,87.2,Hand,,1PL,Estimated,6/20/2023,15,N,,N,,,fecal,Fecal: 1372
2023,Alaska,Nome,Tombstone,64.93808,-166.21133,7/7/2023,17:59,REKN,ZPohlen,KHunt,2,129232195,,,,,,M,129232195,,,,,,M,,,,,,,R,300,7,L,NF,U,,NA,22.9,6.3,4.7,17.7,52,32.2,,65.5,41.7,,97.5,Hand,,1PL,Estimated,6/20/2023,18,Y,S4,N,,,fecal,Fecal: 1421
2023,Alaska,Nome,Tombstone,64.93388,-166.20800,7/11/2023,14:01,REKN,ZPohlen,KHunt,2,129232195,,,,,,M,129232195,FEDG,1TA,FEDG,,,M,,,,,,,R,369,7,L,NF,U,,NA,25.1,6.6,4.7,19.6,53.6,33.1,,83.1,64.6,,106,Mist,,1PL,Estimated,6/20/2023,21,N,,N,,,fecal,"Fecal: 1460, flighted"
2023,Alaska,Nome,Tombstone,64.93756,-166.21115,7/15/2023,20:23,REKN,ZPohlen,CGesmundo,2,129232195,FEDG,1TA,FEDG,,,M,129232195,FEDG,1TA,FEDG,,,M,,,,,,,R,369,7,L,NF,U,,NA,27.5,6.9,5,20.6,56.7,33.2,,97.3,85.6,,109.9,Mist,,1PL,Estimated,6/20/2023,25,N,,N,,,fecal,Fecal: 1479
2023,Alaska,Nome,Tombstone,64.94060,-166.20779,6/23/2023,11:50,REKN,ZPohlen,KHunt,2,,,,,,,,129232196,,,,,,M,,,,,,,1,318,7,L,NF,U,,NA,12.8,4.2,3.5,10,33.1,26.3,,3.1,0,,16,Hand,,1PL,Estimated,6/20/2023,3,Y,Down,Y,filter,DNA,,
2023,Alaska,Nome,Tombstone,64.93512,-166.20959,6/26/2023,10:11,REKN,ZPohlen,KHunt,2,129232196,,,,,,M,129232196,,,,,,M,,,,,,,R,300,7,L,NF,U,,NA,13.7,4.6,3.7,11.3,37.1,27.3,,8.2,0,,24,Hand,,1PL,Estimated,6/20/2023,6,N,,N,,,fecal,Fecal: 1164
2023,Alaska,Nome,Tombstone,64.93654,-166.21025,6/29/2023,15:01,REKN,ZPohlen,KHunt,2,129232196,,,,,,M,129232196,,,,,,M,,,,,,,R,300,7,L,NF,U,,NA,15.9,5.3,4,12.4,40.3,27.8,,19.7,6.5,,40.9,Hand,,1PL,Estimated,6/20/2023,9,N,,N,,,fecal,Fecal: 1181
2023,Alaska,Nome,Tombstone,64.94060,-166.20779,6/23/2023,11:50,REKN,ZPohlen,KHunt,2,,,,,,,,129232197,,,,,,M,,,,,,,1,318,7,L,NF,U,,NA,13.3,4.4,3.9,10.6,36,27.2,,3.7,0,,19,Hand,,1PL,Estimated,6/20/2023,3,Y,Down,Y,filter,DNA,,
2023,Alaska,Nome,Tombstone,64.93512,-166.20959,6/26/2023,10:11,REKN,ZPohlen,KHunt,2,129232197,,,,,,M,129232197,,,,,,M,,,,,,,R,300,7,L,NF,U,,NA,15.4,4.8,4,12.2,38.9,28.3,,10.2,0.7,,29.4,Hand,,1PL,Estimated,6/20/2023,6,N,,N,,,fecal,Fecal: 1161
2023,Alaska,Nome,Tombstone,64.93654,-166.21025,6/29/2023,15:01,REKN,ZPohlen,KHunt,2,129232197,,,,,,M,129232197,,,,,,M,,,,,,,R,300,7,L,NF,U,,NA,17.2,5.6,4.2,13.3,41.7,29.3,,23.3,8.3,,49.2,Hand,,1PL,Estimated,6/20/2023,9,N,,N,,,fecal,Fecal: 1183
2023,Alaska,Nome,Tombstone,64.94060,-166.20779,6/23/2023,11:50,REKN,ZPohlen,KHunt,2,,,,,,,,129232198,,,,,,M,,,,,,,1,318,7,L,NF,U,,NA,13,4.5,3.8,11,35.5,26.5,,3.3,0,,16.7,Hand,,1PL,Estimated,6/20/2023,3,Y,Down,Y,filter,DNA,,
2023,Alaska,Nome,Tombstone,64.93512,-166.20959,6/26/2023,10:11,REKN,ZPohlen,KHunt,2,129232198,,,,,,M,129232198,,,,,,M,,,,,,,R,300,7,L,NF,U,,NA,15.4,4.9,4,12.5,38.8,27.5,,8.9,0,,26.5,Hand,,1PL,Estimated,6/20/2023,6,N,,N,,,fecal,Fecal: 1162
2023,Alaska,Nome,Tombstone,64.93654,-166.21025,6/29/2023,15:01,REKN,ZPohlen,KHunt,2,129232198,,,,,,M,129232198,,,,,,M,,,,,,,R,300,7,L,NF,U,,NA,17.1,5.1,4.6,14.1,43.2,28.3,,21.2,6.9,,43.9,Hand,,1PL,Estimated,6/20/2023,9,N,,N,,,fecal,Fecal: 1184
2023,Alaska,Nome,37 MI,64.94117,-166.20730,7/2/2023,9:27,REKN,ZPohlen,KHunt,2,129232198,,,,,,M,129232198,,,,,,M,,,,,,,R,300,7,L,NF,U,,NA,20.2,6.1,4.8,15.5,46.6,29.8,,35.6,13.5,,67.6,Hand,,1PL,Estimated,6/20/2023,12,Y,Back,N,,,fecal,Fecal: 1198
2023,Alaska,Nome,37 MI,64.85041,-166.08038,6/24/2023,10:15,REKN,ZPohlen,KHunt,2,,,,,,,,129232200,,,,,,M,,,,,,,1,318,7,L,NF,U,,NA,10.9,4,3.3,9.4,32.4,26.2,,2.3,0,,13.1,Hand,T-03,1NL,Known,6/23/2023,1,Y,Down,Y,filter,DNA,,
2023,Alaska,Nome,37 MI,64.85031,-166.08085,6/26/2023,12:46,REKN,ZPohlen,KHunt,2,129232200,,,,,,M,129232200,,,,,,M,,,,,,,R,300,7,L,NF,U,,NA,12.9,4.4,3.9,10.6,36.5,26.3,,4.4,0,,17.9,Hand,T-03,1NL,Known,6/23/2023,3,N,,N,,,fecal,Fecal: 1168
2023,Alaska,Nome,37 MI,64.84627,-166.08794,6/29/2023,17:21,REKN,ZPohlen,KHunt,2,129232200,,,,,,M,129232200,,,,,,M,,,,,,,R,300,7,L,NF,U,,NA,16,5.3,4.4,13.1,40.9,28.8,,13.8,1.1,,34.6,Hand,T-03,1NL,Known,6/23/2023,6,N,,N,,,fecal,Fecal: 1191
2023,Alaska,Nome,37 MI,64.84269,-166.08393,7/2/2023,11:31,REKN,ZPohlen,KHunt,2,129232200,,,,,,M,129232200,,,,,,M,,,,,,,R,300,7,L,NF,U,,NA,18.8,5.8,4.5,15.2,44.8,30.3,,27.5,8.3,,56.1,Hand,T-03,1NL,Known,6/23/2023,9,N,,N,,,fecal,Fecal: 1202
2023,Alaska,Nome,37 MI,64.84064,-166.08140,7/5/2023,11:14,REKN,ZPohlen,KHunt,2,129232200,,,,,,M,129232200,,,,,,M,,,,,,,R,300,7,L,NF,U,,NA,21.7,6.3,4.8,16.8,49.4,31.8,,45.7,21.1,,77.7,Hand,T-03,1NL,Known,6/23/2023,12,N,,N,,,,
2023,Alaska,Nome,37 MI,64.84064,-166.08140,7/8/2023,9:48,REKN,ZPohlen,KHunt,2,129232200,,,,,,M,129232200,,,,,,M,,,,,,,R,300,7,L,NF,U,,NA,23.1,6.3,4.9,18,52,33.1,,58,34.4,,93.6,Hand,T-03,1NL,Known,6/23/2023,15,N,,N,,,fecal,Fecal: 1430
2023,Alaska,Nome,37 MI,64.84388,-166.08705,7/11/2023,12:34,REKN,ZPohlen,KHunt,2,129232200,,,,,,M,129232200,FEDG,1PY,FEDG,,,M,,,,,,,R,369,7,L,NF,U,,NA,24.5,6.4,5,18.9,54.2,32.7,,73,49.9,,102.3,Hand,T-03,1NL,Known,6/23/2023,18,Y,S4,N,,,fecal,"Fecal: 1459, hop-flying"
2023,Alaska,Nome,37 MI,64.84612,-166.08172,7/18/2023,18:35,REKN,ZPohlen,CGesmundo,2,129232200,FEDG,1PY,FEDG,,,M,129232200,FEDG,1PY,FEDG,,,M,,,,,,,R,369,7,L,NF,U,,NA,28.7,6.6,5.4,21.9,58.8,33.6,,100.1,84.2,,107.5,Mist,T-03,1NL/1MH,Known,6/23/2023,25,N,,N,,,fecal,"Fecal: 1347, originally 1NL brood but found with 1MH adult and 1TK fledgling"
